Tier,Site_Name,Hebrew_Name,Latitude,Longitude,Key,Source,Notes
"Tier 1: High Precision (Pinpoint Well/Installation < 50m)","Abu Huf","אבו חוף",31.39985,34.85371,"abu_huf","Alon 1988; IAA Grid 136200/089800; Dissertation §2.4.1, pp. 52, 54","Abu Huf Chalcolithic stone-built well (2.45m deep) next to wadi"
"Tier 1: High Precision (Pinpoint Well/Installation < 50m)","Acre","עכו",32.9244,35.0756,"acre","Dissertation §3.7, pp. 212","A Hellenistic aqueduct consisting of tunnels and shafts, approximately 13 km long, built in the 3rd century BCE."
"Tier 1: High Precision (Pinpoint Well/Installation < 50m)","Ai (et-Tell)","העי (א-תל)",31.9167,35.2611,"ai_et_tell","Dissertation §2.5.10, 2.5, pp. 59, 71","A large open-air reservoir in Area K, exceeding 1800 cubic meters in volume, 25m wide, and 2.5m deep. It was designed to collect runoff water from the upper city via channels, featuring a stone floor on clay and a thick dam wall, dating to EB 1-3. The only known instance of plaster from this period is from a water pool at Ai, where impermeable clayey soil was used as a hydraulic material to line the reservoir."
"Tier 1: High Precision (Pinpoint Well/Installation < 50m)","Atlit-Yam","עתלית ים",32.71089,34.9315,"atlit_yam","Galili & Nir 1993; Marine Archaeological Survey; Dissertation §2.2.1, p. 43","Atlit-Yam submerged PPN village and stone well located 300m offshore west of Atlit coast at 8-12m depth"
"Tier 1: High Precision (Pinpoint Well/Installation < 50m)","Beisamoun","בייסמון",33.08605,35.61037,"beisamoun","Lechevallier 1978; IAA Grid 207400/276800; Dissertation §2.2, p. 46","Beisamoun (Hula Valley) PPN settlement adjacent to Einan perennial spring"
"Tier 1: High Precision (Pinpoint Well/Installation < 50m)","Bor Hamat","בור חמת",30.62167,34.72927,"bor_hamat","Cohen 1986; IAA Grid 124000/003500; Dissertation §2.9.36, p. 171","Bor Hamat / Be'erotayim open plastered reservoir and cistern complex"
"Tier 1: High Precision (Pinpoint Well/Installation < 50m)","Buqei'a (Judean Desert)","בקעת הורקניה (בוקיעה)",31.75,35.4,"buqei_a_judean_desert","Dissertation §, pp. 191","Cisterns or pools were found at Buqei'a, dated to the Iron Age II period."
"Tier 1: High Precision (Pinpoint Well/Installation < 50m)","Ein Gedi","עין גדי",31.46297,35.39268,"ein_gedi","Mazar 1966; IAA Grid 187400/096800; Dissertation §2.4 Summary, p. 54","Ein Gedi Chalcolithic temple compound & Ein Gedi spring channel"
"Tier 1: High Precision (Pinpoint Well/Installation < 50m)","Gibeon (el-Jib)","גבעון (אל-ג'יב)",31.8489,35.18404,"gibeon_el_jib","Pritchard 1961; IAA Grid 167600/139600; Dissertation §2.9.8, pp. 138-142","Gibeon (el-Jib) Great Pool (11.3m dia, 10.8m deep) and stepped water tunnel to spring chamber"
"Tier 1: High Precision (Pinpoint Well/Installation < 50m)","Gilgal I","גלגל 1",31.89579,35.45701,"gilgal_i","Noy et al. 1980; IAA Grid 193400/144800; Dissertation §2.2, pp. 46-47","Gilgal I (Jordan Valley) Pre-Pottery Neolithic travertine spring catchment"
"Tier 1: High Precision (Pinpoint Well/Installation < 50m)","Horbat Beter","חורבת בתר",31.23844,34.77868,"horbat_beter","Dothan 1959; IAA Grid 129000/071900; Dissertation §2.4.2, pp. 52, 54","Horbat Beter Chalcolithic cylindrical well dug into Nahal Beersheba gravel"
"Tier 1: High Precision (Pinpoint Well/Installation < 50m)","Horbat Radum","חורבת רדום",31.18975,35.16639,"horbat_radum","Beit-Arieh 2007; IAA Grid 165900/066500; Dissertation §2.9.35, p. 170","Horbat Radum fortress northern cisterns overlooking Nahal Qina"
"Tier 1: High Precision (Pinpoint Well/Installation < 50m)","Horbat Rosh Zayit","חורבת ראש זית",32.87866,35.22864,"horbat_rosh_zayit","Gal 1992; IAA Grid 171800/253800; Dissertation §2.9.19, p. 160","Horbat Rosh Zayit Phoenician administrative fortress rock-cut cisterns"
"Tier 1: High Precision (Pinpoint Well/Installation < 50m)","Horbat Shilha","חורבת שילחה",31.86153,35.38394,"horbat_shilha","Mazar 1984; IAA Grid 186500/141000; Dissertation §2.9.23, p. 163","Horbat Shilha (Jordan Valley / Wadi Qelt area) Iron II fortress and rock cistern"
"Tier 1: High Precision (Pinpoint Well/Installation < 50m)","Horbat Uza","חורבת עוזה",31.20598,35.16428,"horbat_uza","Beit-Arieh 2007; IAA Grid 165700/068300; Dissertation §2.9.34, pp. 168-169","Horbat Uza fortress gate channel, slope cisterns, and southern wadi cistern complex"
"Tier 1: High Precision (Pinpoint Well/Installation < 50m)","Ibleam (Khirbet Bel'ameh)","יבלעם (ח'רבת בלעמה)",32.44584,35.29243,"ibleam_khirbet_bel_ameh","Dissertation §2.9.4; IAA Grid 177800/205800, pp. 127-128","Ibleam (Khirbet Bel'ameh) 100m stepped rock-cut tunnel to Bir Sinjil spring"
"Tier 1: High Precision (Pinpoint Well/Installation < 50m)","Jericho","יריחו",31.8706,35.4442,"jericho","Kenyon 1981; Sellin & Watzinger 1913; Dissertation §2.2, p. 46","Tell es-Sultan (Jericho) PPN circular stone tower and Ein es-Sultan spring capture"
"Tier 1: High Precision (Pinpoint Well/Installation < 50m)","Jerusalem (City of David)","ירושלים (עיר דוד)",31.77406,35.23584,"jerusalem_city_of_david","Shiloh 1984; Reich 2000; IAA Grid 172500/131300; Dissertation §2.6.4, §2.9.6, pp. 76-81, 131-134","City of David Gihon spring tower, Siloam Channel II, Warren Shaft, and Hezekiah Tunnel"
"Tier 1: High Precision (Pinpoint Well/Installation < 50m)","Jit","ג'ית",32.2285,35.1632,"jit","Zertal 2004; IAA Grid 165300/179800; Dissertation §2.9.38, pp. 173-174","Jit 'El-Ein' monumental three-tier rock-cut pool (13.73m total depth) fed by a 1.5m high spring tunnel"
"Tier 1: High Precision (Pinpoint Well/Installation < 50m)","Kadesh Barnea (Ein el-Gudeirat)","קדש ברנע (עין אל-קודייראת)",30.6558,34.4235,"kadesh_barnea_ein_el_gudeirat","Dothan 1965; Cohen 1983; IAA Grid 097500/007500; Dissertation §2.5.9, §2.9.10, pp. 59, 146-150","Ein el-Gudeirat (Kadesh Barnea) perennial spring, limestone conduit aqueduct, and Iron II fortress cistern reservoir"
"Tier 1: High Precision (Pinpoint Well/Installation < 50m)","Kerem es-Samra (Kerem el-Ajez)","כרם א-סמרא (כרם אל עג'ז)",31.71662,35.39106,"kerem_es_samra_kerem_el_ajez","Patrich 1994 Map 106 site 91; IAA Grid 187200/124930; Dissertation §2.9.30, p. 167","Kerem es-Samra fortress 22x18m open reservoir pool in central Buqei'a"
"Tier 1: High Precision (Pinpoint Well/Installation < 50m)","Kfar Galim North","כפר גלים צפון",32.76955,34.95513,"kfar_galim_north","Galili 1985; Submerged Marine Survey; Dissertation §2.3.1.ב, p. 49","Kfar Galim North submerged PN well pits off Carmel coast"
"Tier 1: High Precision (Pinpoint Well/Installation < 50m)","Kfar Samir","כפר סמיר",32.7921,34.9572,"kfar_samir","Galili 1985; Submerged Marine Survey; Dissertation §2.3.1.א, pp. 49, 51","Kfar Samir submerged Pottery Neolithic stone/wood well ~200m off Haifa coast"
"Tier 1: High Precision (Pinpoint Well/Installation < 50m)","Khirbet Abu et-Twein","חורבת אבו א-טווין",31.6492,35.1058,"khirbet_abu_et_twein","Dissertation §2.9.29, pp. 191, 165, 166","Cisterns or pools were found at Ibn Tuwayn, dated to the Iron Age II period. A large rock-cut cistern, located 5m outside the SW corner of the fortress, dated to the 9th-7th century BCE. It has a heart-shaped plan, measuring 11.95x7.7m with a current depth of 1.7m (estimated original 4m), and an estimated volume of 250 cubic meters. It features a square opening and two layers of plaster, collecting runoff from the fortress and surrounding areas, possibly supplemented by a nearby spring."
"Tier 1: High Precision (Pinpoint Well/Installation < 50m)","Khirbet Abu Tabaq (Kerem Atrad)","ח'רבת אבו טבק (כרם עטרד)",31.74133,35.40537,"khirbet_abu_tabaq_kerem_atrad","Patrich 1994 Map 106 site 35; IAA Grid 188550/127670; Dissertation §2.9.30, pp. 166-167","Khirbet Abu Tabaq fortress & Abu Tabaq reservoir cave (35x7m, 5m high)"
"Tier 1: High Precision (Pinpoint Well/Installation < 50m)","Khirbet Bint-Barr","חורבת בנת בר",32.06171,35.05254,"khirbet_bint_barr","Finkelstein 1981; IAA Grid 155200/163200; Dissertation §2.9.21, p. 161","Khirbet Bint-Barr western Samaria fortress rock-cut plastered cisterns"
"Tier 1: High Precision (Pinpoint Well/Installation < 50m)","Khirbet Deir es-Sidd","חורבת דיר א-סיד",31.62889,35.13769,"khirbet_deir_es_sidd","Hirschfeld 1985; IAA Grid 163200/115200; Dissertation §2.9.25, p. 164","Khirbet Deir es-Sidd rock-cut stepped cisterns and hillside runoff collection channels"
"Tier 1: High Precision (Pinpoint Well/Installation < 50m)","Khirbet el-Khuwwakh (Etam)","ח'רבת אל-ח'וואח (עיטם)",31.6884,35.18303,"khirbet_el_khuwwakh_etam","IAA Grid 167500/121800; Dissertation §2.9.24, p. 164","Khirbet el-Khuwwakh (Ein Etam) subterranean water cave and reservoir"
"Tier 1: High Precision (Pinpoint Well/Installation < 50m)","Khirbet el-Mekari","ח'רבת אל-מקארי",31.70102,35.38258,"khirbet_el_mekari","IAA Grid 186400/123200; Dissertation §2.9.22, p. 163","Khirbet el-Mekari Iron II desert fortress and wadi-fed plastered cistern"
"Tier 1: High Precision (Pinpoint Well/Installation < 50m)","Khirbet Halukim","חורבת חלוקים",30.9004,34.8005,"khirbet_halukim","Cohen 1976; IAA Grid 130800/034600; Dissertation §2.9.36, p. 171","Khirbet Halukim Iron II fortress twin open cisterns (300m³ capacity)"
"Tier 1: High Precision (Pinpoint Well/Installation < 50m)","Khirbet Marjameh","חורבת מרג'מה",32.0158,35.3425,"khirbet_marjameh","Mazar 1995; IAA Grid 181800/148400; Dissertation §2.9.22, pp. 162, 191","Khirbet Marjameh fortified Iron II city near Ein Samiya spring & rampart water cistern"
"Tier 1: High Precision (Pinpoint Well/Installation < 50m)","Khirbet Meshura","חורבת משורה",30.9458,34.7525,"khirbet_meshura","Cohen 1986; IAA Grid 126200/039600; Dissertation §2.9.36, p. 171","Khirbet Meshura fortress three subterranean rock-cut cisterns"
"Tier 1: High Precision (Pinpoint Well/Installation < 50m)","Khirbet Raddana","חורבת רדנה",31.9167,35.2083,"khirbet_raddana","Dissertation §2.8.8, pp. 113","Bell-shaped cisterns cut into the soft chalk rock, located beneath or near houses. These cisterns were crucial due to the distant and small local spring, providing sufficient water for the Iron Age I inhabitants."
"Tier 1: High Precision (Pinpoint Well/Installation < 50m)","Khirbet Rahba","חורבת רחבה",31.0195,34.9015,"khirbet_rahba","Cohen 1986; IAA Grid 140500/047800; Dissertation §2.9.36, p. 171","Khirbet Rahba fortress open runoff collector and two rock-cut cisterns"
"Tier 1: High Precision (Pinpoint Well/Installation < 50m)","Khirbet Ramat Boker","חורבת רמת בוקר",30.9292,34.7953,"khirbet_ramat_boker","Cohen 1986; IAA Grid 130300/037800; Dissertation §2.9.36, p. 171","Khirbet Ramat Boker fortress open runoff catchment cistern"
"Tier 1: High Precision (Pinpoint Well/Installation < 50m)","Khirbet Ratama","חורבת רתמה",30.87235,34.72801,"khirbet_ratama","Cohen 1986; IAA Grid 124000/031300; Dissertation §2.9.36, p. 171","Khirbet Ratama Iron II casemate fortress and wadi water reservoirs"
"Tier 1: High Precision (Pinpoint Well/Installation < 50m)","Khirbet Tov","חורבת טוב",31.00039,35.08892,"khirbet_tov","Cohen 1986; IAA Grid 158500/045500; Dissertation §2.9.16, p. 158","Khirbet Tov 7th c. BCE fortress 3.9m deep stone-built well and channel"
"Tier 1: High Precision (Pinpoint Well/Installation < 50m)","Megadim","מגדים",32.72627,34.9515,"megadim","Galili 1985; Submerged Marine Survey (150m offshore); Dissertation §2.3.1.ג, p. 49","Megadim submerged Pottery Neolithic well pits 150m offshore in Carmel coast"
"Tier 1: High Precision (Pinpoint Well/Installation < 50m)","Mezer","מצר",32.47469,35.03584,"mezer","Dothan 1957; IAA Grid 153700/209000; Dissertation §2.5.15, p. 68","Mezer EB I settlement unplastered cisterns B3 and D7"
"Tier 1: High Precision (Pinpoint Well/Installation < 50m)","Migdal Nahal Sarapid","מגדל נחל סרפד",30.68209,34.66943,"migdal_nahal_sarapid","Cohen 1986; IAA Grid 118300/010200; Dissertation §2.9.36, p. 171","Tower at Nahal Sarapid Iron II tower and adjacent water collection basin"
"Tier 1: High Precision (Pinpoint Well/Installation < 50m)","Mishor Haruach","מישור הרוח",30.60364,34.7805,"mishor_haruach","Cohen 1986; IAA Grid 128900/001500; Dissertation §2.9.36, p. 171","Mishor Haruach Iron II fortress and slope runoff cisterns"
"Tier 1: High Precision (Pinpoint Well/Installation < 50m)","Mitzad Har Hamat","מצודת הר חמת",30.6225,34.7225,"mitzad_har_hamat","Cohen 1986; IAA Grid 123300/003800; Dissertation §2.9.36, p. 171","Mitzad Har Hamat Iron II fortress open rock-cut water reservoir"
"Tier 1: High Precision (Pinpoint Well/Installation < 50m)","Mitzad Har Raviv","מצד הר רביב",30.90211,34.67761,"mitzad_har_raviv","Cohen 1986; IAA Grid 119200/034600; Dissertation §2.9.36, p. 171","Mitzad Har Raviv Iron II casemate fortress and wadi water catchment"
"Tier 1: High Precision (Pinpoint Well/Installation < 50m)","Mitzad Hatira","מצודת חתירה",30.95531,34.94233,"mitzad_hatira","Cohen 1986; IAA Grid 144500/040500; Dissertation §2.9.36, p. 171","Mitzad Hatira (Makhtesh Gadol ridge) Iron II fortress and open rock cisterns"
"Tier 1: High Precision (Pinpoint Well/Installation < 50m)","Mitzad Nahal Akrav","מצודת נחל עקרב",30.65745,34.63682,"mitzad_nahal_akrav","IAA Survey Map 199 Site 156 (10814); Cohen 1986: 167-170; ITM 165046/507592; Dissertation §2.9.36, p. 171","Mitzad Nahal Akrav (Har Hamran SE) Iron II 45x50m oval casemate fortress excavated by Cohen 1983 & slope cisterns"
"Tier 1: High Precision (Pinpoint Well/Installation < 50m)","Mitzad Nahal Boker","מצד נחל בוקר",30.92194,34.8063,"mitzad_nahal_boker","Cohen 1986; IAA Grid 131500/036800; Dissertation §2.9.36, p. 171","Mitzad Nahal Boker Iron II rectangular fortress and slope runoff cisterns"
"Tier 1: High Precision (Pinpoint Well/Installation < 50m)","Mitzad Nahal Ela","מצד נחל אלה",30.72447,34.67651,"mitzad_nahal_ela","Cohen 1986; IAA Grid 119000/014900; Dissertation §2.9.36, p. 171","Mitzad Nahal Ela Iron II fortress and rock-cut cistern"
"Tier 1: High Precision (Pinpoint Well/Installation < 50m)","Mitzad Nahal Tzana","מצד נחל צנע",30.7938,34.8775,"mitzad_nahal_tzana","Cohen 1986; IAA Grid 138200/022800; Dissertation §2.9.36, p. 171","Mitzad Nahal Tzana fortress open runoff water cistern"
"Tier 1: High Precision (Pinpoint Well/Installation < 50m)","Mitzad Sarapid","מצד סרפד",30.68389,34.67255,"mitzad_sarapid","Cohen 1986; IAA Grid 118600/010400; Dissertation §2.9.36, p. 171","Mitzad Sarapid Iron II fortress and plastered wadi cisterns"
"Tier 1: High Precision (Pinpoint Well/Installation < 50m)","Nessana","נצנה",30.8752,34.4172,"nessana","Colt 1962; IAA Grid 097500/031500; Dissertation §2.9, p. 191","Nessana (Nitzana) western Negev fortress well, water shafts, and Nabataean/Byzantine plastered cisterns"
"Tier 1: High Precision (Pinpoint Well/Installation < 50m)","Netiv HaGdud","נתיב הגדוד",31.96793,35.44661,"netiv_hagdud","Bar-Yosef & Gopher 1997; IAA Grid 192400/152800; Dissertation §2.2.5, pp. 47-48","Netiv HaGdud (Jordan Valley) PPNA settlement and alluvial fan spring system"
"Tier 1: High Precision (Pinpoint Well/Installation < 50m)","Ovda Valley","בקעת עובדה",29.932,34.975,"ovda_valley","Avner 1990; IAA Negev Survey; Dissertation §2.5.2, p. 56","Biq'at Ovda Chalcolithic & EB settlement run-off diversion dikes and stone-built water catchment limans"
"Tier 1: High Precision (Pinpoint Well/Installation < 50m)","Qumran","קומראן",31.7407,35.46188,"qumran","de Vaux 1973; IAA Grid 193900/127600; Dissertation §3.7, pp. 208-210","Qumran waterfall aqueduct feeder to 16 stepped ritual pools"
"Tier 1: High Precision (Pinpoint Well/Installation < 50m)","Sha'albim","שעלבים",31.86333,34.98519,"sha_albim","IAA Grid 148800/141200; Dissertation §2.6.22, p. 92","Sha'albim (Salbit) Middle Bronze Age rock-cut cisterns and wells"
"Tier 1: High Precision (Pinpoint Well/Installation < 50m)","Sidon","צידון",33.5608,35.3719,"sidon","Dissertation §3.7, pp. 212","An underground aqueduct and tunnel with shafts, 24 km long, dating to the 6th century BCE."
"Tier 1: High Precision (Pinpoint Well/Installation < 50m)","Tel Arad","תל ערד",31.28173,35.12535,"tel_arad","Aharoni 1981; IAA Grid 162000/076700; Dissertation §2.5.1, §2.9.7, pp. 55, 134-138","Tel Arad central EB reservoir depression & Iron II citadel cisterns"
"Tier 1: High Precision (Pinpoint Well/Installation < 50m)","Tel Aroer","תל ערוער",31.15098,34.97746,"tel_aroer","Biran & Cohen 1981; IAA Grid 147900/062200; Dissertation §2.9.17, p. 159","Tel Aroer Iron Age II fortress rock-cut cisterns and settlement wells"
"Tier 1: High Precision (Pinpoint Well/Installation < 50m)","Tel Ashdod","תל אשדוד",31.75693,34.659,"tel_ashdod","Dothan 1971; IAA Grid 117900/129400; Dissertation §2.9.29, p. 166","Tel Ashdod Area D Iron II drainage pools and water conduits"
"Tier 1: High Precision (Pinpoint Well/Installation < 50m)","Tel Azekah","תל עזקה",31.70102,34.93491,"tel_azekah","Bliss & Macalister 1902; IAA Grid 144000/123200; Dissertation §2.9.26, p. 164","Tel Azekah Iron II subterranean bell-shaped cisterns on tell summit"
"Tier 1: High Precision (Pinpoint Well/Installation < 50m)","Tel Beersheba","תל באר שבע",31.24566,34.83643,"tel_beersheba","Aharoni 1973; IAA Grid 134500/072700; Dissertation §2.9.8, pp. 138-142","Tel Beersheba 70m deep external well & 5-chambered rock-cut reservoir"
"Tier 1: High Precision (Pinpoint Well/Installation < 50m)","Tel Beit Mirsim","תל בית מרסים",31.45576,34.90931,"tel_beit_mirsim","Albright 1938; IAA Grid 141500/096000; Dissertation §2.6.23, §2.9.31, pp. 92, 167-168","Tel Beit Mirsim Iron Age II domestic plastered cisterns in every four-room house"
"Tier 1: High Precision (Pinpoint Well/Installation < 50m)","Tel Beit Shemesh","תל בית שמש",31.74972,34.97173,"tel_beit_shemesh","Bunimovitz & Lederman 2016; IAA Grid 147500/128600; Dissertation §2.9.9, pp. 142-145","Tel Beit Shemesh monumental cruciform 800m³ underground reservoir"
"Tier 1: High Precision (Pinpoint Well/Installation < 50m)","Tel Bet Yerah","בית ירח",32.71635,35.56921,"tel_bet_yerah","Bar-Adon 1952; IAA Grid 203700/235800; Dissertation §2.5.3, pp. 56-57","Tel Bet Yerah (Khirbet Kerak) EB settlement & Sea of Galilee outlet"
"Tier 1: High Precision (Pinpoint Well/Installation < 50m)","Tel Beth Shean","תל בית שאן",32.50535,35.50446,"tel_beth_shean","Mazar 2006; IAA Grid 197700/212400; Dissertation §2.6.7, §2.7.1, pp. 84, 95-97","Tel Beth Shean Egyptian New Kingdom drainage channels and Nahal Harod access"
"Tier 1: High Precision (Pinpoint Well/Installation < 50m)","Tel Dalit","תל דלית",31.98326,34.96053,"tel_dalit","Gophna 1996; IAA Grid 146500/154500; Dissertation §2.5.7, p. 58","Tel Dalit Early Bronze Age bedrock rainwater catchment depressions"
"Tier 1: High Precision (Pinpoint Well/Installation < 50m)","Tel Dan","תל דן",33.24836,35.65193,"tel_dan","Biran 1994; IAA Grid 211200/294800; Dissertation §2.9.14, pp. 154-157","Tel Dan Dan Spring travertine catchments and Iron II hydraulic installations"
"Tier 1: High Precision (Pinpoint Well/Installation < 50m)","Tel Dor","תל דור",32.61807,34.9225,"tel_dor","Stern 2000; IAA Grid 143100/224900; Dissertation §2.9.28, p. 165","Tel Dor Sea gate freshwater wells and coastal kurkar water conduits"
"Tier 1: High Precision (Pinpoint Well/Installation < 50m)","Tel en-Nasbeh","תל א-נצבה",31.88497,35.21577,"tel_en_nasbeh","Bade 1947; IAA Grid 170600/143600; Dissertation §2.9.20, pp. 160-161","Tel en-Nasbeh 53 rock-cut Iron Age II plastered cisterns"
"Tier 1: High Precision (Pinpoint Well/Installation < 50m)","Tel Gamma","תל ג'מה",31.38813,34.44125,"tel_gamma","Petrie 1928; Van Beek 1993; IAA Grid 097000/088500; Dissertation §2.6.10, pp. 87-88","Tel Gamma deep brick-lined well and drainage shafts"
"Tier 1: High Precision (Pinpoint Well/Installation < 50m)","Tel Gerisa","תל גריסה",32.09327,34.80648,"tel_gerisa","Herzog 1993; IAA Grid 132000/166700; Dissertation §2.6.6, pp. 83-84","Tel Gerisa (Tel Jerishe) MB II rock-cut cylindrical shaft to Yarkon water table"
"Tier 1: High Precision (Pinpoint Well/Installation < 50m)","Tel Gezer","תל גזר",31.85882,34.91857,"tel_gezer","Macalister 1912; IAA Grid 142500/140700; Dissertation §2.6.3, pp. 74-76","Tel Gezer monumental MB II rock-cut water tunnel (67m long)"
"Tier 1: High Precision (Pinpoint Well/Installation < 50m)","Tel Halif","תל חליף",31.38272,34.86535,"tel_halif","Seger 1983; IAA Grid 137300/087900; Dissertation §2.9.32, p. 168","Tel Halif (Lahav) Iron Age II rock-cut domestic cisterns and drainage channels"
"Tier 1: High Precision (Pinpoint Well/Installation < 50m)","Tel Haror","תל הרור",31.38362,34.60649,"tel_haror","Oren 1993; IAA Grid 112700/088000; Dissertation §2.6.11, p. 88","Tel Haror (Tell Abu Hureyra) Middle Bronze Age well and drainage system"
"Tier 1: High Precision (Pinpoint Well/Installation < 50m)","Tel Hazor","תל חצור",33.01843,35.56828,"tel_hazor","Yadin 1972; IAA Grid 203500/269300; Dissertation §2.9.2, pp. 118-121","Tel Hazor monumental 40m deep vertical shaft and 25m stepped tunnel"
"Tier 1: High Precision (Pinpoint Well/Installation < 50m)","Tel Ira","תל עירא",31.23213,34.98567,"tel_ira","Beit-Arieh 1999; IAA Grid 148700/071200; Dissertation §2.9.33, p. 168","Tel Ira city gate barrel-vaulted cistern and extensive bedrock cistern network"
"Tier 1: High Precision (Pinpoint Well/Installation < 50m)","Tel Jezreel","תל יזרעאל",32.55765,35.32664,"tel_jezreel","Ussishkin 1997; IAA Grid 181000/218200; Dissertation §2.9.15, pp. 157-158","Tel Jezreel royal enclosure rock-cut moat reservoir & Ein Jezreel spring"
"Tier 1: High Precision (Pinpoint Well/Installation < 50m)","Tel Kabri","תל כברי",33.00851,35.13976,"tel_kabri","Kempinski 2002; IAA Grid 163500/268200; Dissertation §2.6.8, pp. 85-87","Tel Kabri MB palace drainage conduits and Ein Gihon / Ein Shefa springs"
"Tier 1: High Precision (Pinpoint Well/Installation < 50m)","Tel Lachish","תל לכיש",31.56667,34.8478,"tel_lachish","Ussishkin 2004; IAA Grid 135700/108300; Dissertation §2.6.2, §2.9.1, pp. 73, 115-118","Tel Lachish 44m deep northeast corner well and bedrock water systems"
"Tier 1: High Precision (Pinpoint Well/Installation < 50m)","Tel Megiddo","תל מגידו",32.5847,35.18275,"tel_megiddo","Loud 1948; IAA Grid 167500/221200; Dissertation §2.6.1, §2.9.3, pp. 72, 122-127","Tel Megiddo subterranean water shaft and 70m tunnel to spring cave"
"Tier 1: High Precision (Pinpoint Well/Installation < 50m)","Tel Nami","תל נאמי",32.66045,34.9245,"tel_nami","Artzy 1991; IAA Grid 143300/229600; Dissertation §2.6.9, p. 87","Tel Nami coastal Middle Bronze rampart wells and freshwater lagoon access"
"Tier 1: High Precision (Pinpoint Well/Installation < 50m)","Tel Shiloh","תל שילה",32.0554,35.29103,"tel_shiloh","Finkelstein 1993; IAA Grid 177700/162500; Dissertation §2.8.5, pp. 109-110","Tel Shiloh Area D Middle Bronze plastered reservoir & Iron I bedrock cisterns"
"Tier 1: High Precision (Pinpoint Well/Installation < 50m)","Tel Taanach","תל תענך",32.52158,35.22005,"tel_taanach","Lapp 1969; IAA Grid 171000/214200; Dissertation §2.9.18, pp. 159-160","Tel Taanach underground rock-cut shaft and stepped well"
"Tier 1: High Precision (Pinpoint Well/Installation < 50m)","Tel Yarmut","תל ירמות",31.70914,34.97501,"tel_yarmut","de Miroschedji 1988; IAA Grid 147800/124100; Dissertation §2.5.8, pp. 58-59","Tel Yarmut EB monumental city hydraulic ramps and lower valley reservoirs"
"Tier 1: High Precision (Pinpoint Well/Installation < 50m)","Tel Yokneam","תל יקנעם",32.66135,35.10696,"tel_yokneam","Ben-Tor 1993; IAA Grid 160400/229700; Dissertation §2.9.23, pp. 162-163","Tel Yokneam subterranean stepped shaft and lower terrace spring tunnel"
"Tier 1: High Precision (Pinpoint Well/Installation < 50m)","Tell es-Sa'idiyeh","תל א-סעידיה",32.2989,35.5806,"tell_es_sa_idiyeh","Pritchard 1985; Tubb 1998; Dissertation §2.7.4, pp. 101-102","Tell es-Sa'idiyeh (Jordan Valley) 12th c. BCE 140-step subterranean passage to spring with central dividing wall"
"Tier 1: High Precision (Pinpoint Well/Installation < 50m)","Yiftah'el","יפתחאל",32.75491,35.22763,"yiftah_el","Garfinkel 1987; IAA Excavation Reports (ITM 221632/740032, ICS 171632/240032); Dissertation §2.2, p. 46","Horbat Yiftah'el (Nahal Tzippori / HaMovil Junction) PPNB / EB village, plastered floors, and Ein Yiftah'el spring catchment"
"Tier 3: Approximate Village / Spring Area (< 500m)","Barqa","ברקת",31.9795,34.9352,"barqa","IAA Survey Map 78; Dissertation §2.5, p. 68","Bareqet / Barqa Early Bronze rural settlement neva'im pits and groundwater depression"
"Tier 3: Approximate Village / Spring Area (< 500m)","Ein Qadis","עין קדיס",30.5512,34.4695,"ein_qadis","Haiman 1991; IAA Survey; Dissertation §2.5.9, p. 59","Ein Qadis perennial spring oasis, ancient stone well installations and EB seasonal encampments"
"Tier 3: Approximate Village / Spring Area (< 500m)","Midiya","מידיא",31.9325,35.0118,"midiya","Finkelstein 1997; IAA Survey; Dissertation §2.5.14, pp. 67-68","el-Midiya / Modi'in hills Early Bronze rural settlement cisterns and seasonal spring basin"
"Tier 3: Approximate Village / Spring Area (< 500m)","Nahal Horasha Illit (Well)","נחל חורשה עילי (באר)",30.5345,34.542,"nahal_horasha_illit_well","Haiman 1991; IAA Survey; Dissertation §2.5.9, p. 59","Upper Nahal Horasha stone-lined well and Early Bronze runoff terraces"
"Tier 3: Approximate Village / Spring Area (< 500m)","Shabtin","שבתין",31.9542,35.0685,"shabtin","Finkelstein 1997; IAA Survey; Dissertation §2.5.14, pp. 67-68","Shabtin southern Samaria Early Bronze settlement rock-cut storage/water pits"
"Tier 3: Approximate Village / Spring Area (< 500m)","Tel Mizpon le-Fahma","תל מצפון לפחמה",32.4125,35.1842,"tel_mizpon_le_fahma","Zertal 1992 Manasseh Survey; Dissertation §2.5.14, pp. 67-68","Tell north of Fahma (Samaria) Early Bronze agricultural settlement rock depressions"
"Tier 3: Approximate Village / Spring Area (< 500m)","Tel near Bazariya","תל ליד בזריה",32.3025,35.161,"tel_near_bazariya","Zertal 1992 Manasseh Survey; Dissertation §2.5.14, pp. 67-68","Tell near Bazariya (Samaria) Early Bronze rural settlement water collection pits"
"Tier 4: International Comparative Site (< 100m - 1km)","Ain Ghazal / Ibn el-Ghazzi","עין ע'זאל / אבן אל-ע'אזי",31.883,36.833,"ain_ghazal_ibn_el_ghazzi","Dissertation §2.2.3, 2.2, pp. 45, 46, 48","A complex water system including artificial channels (two long, two short) leading to 'wells' (interpreted as reservoirs/basins) in a shallow depression. This system was designed to collect and store runoff water from a catchment area of about 29 dunams, potentially holding up to 13,900 cubic meters. A settlement located on the eastern outskirts of Amman, Jordan, near a spring."
"Tier 4: International Comparative Site (< 100m - 1km)","Amman (Rabbath Ammon)","עמאן (רבת עמון)",31.954,35.936,"amman_rabbath_ammon","Dissertation §2.9.12, Summary (186), pp. 152, 186, 191","A large rock-cut cruciform water reservoir, similar to those at Beit Shemesh and Beersheba, located north of the acropolis. It has an estimated capacity of 1264 cubic meters and features an external opening for water entry and a stepped tunnel for drawing water, dated to Iron Age II. Listed as one of 17 sites in Iron Age II with a monumental water system, specifically mentioning a cruciform-shaped reservoir designed to maximize storage volume and prevent roof collapse. A reservoir with an external feeding system was identified at Amman during the Iron Age II."
"Tier 4: International Comparative Site (< 100m - 1km)","Arbailu (Erbil)","ארבילו (אירביל)",36.1911,44.0094,"arbailu_erbil","Dissertation §2.9.47, pp. 181, 182, 191","Sennacherib built an aqueduct to Arbela, starting from the Chai fortress about 20km away. It began with a subterranean tunnel, 1.2m high and 1.12m wide, lined with ashlar stones and featuring shafts every 42m, bringing water from three rivers and springs to the city center. An aqueduct bringing water from a distance outside the city was found at Erbil, dating to the Iron Age II."
"Tier 4: International Comparative Site (< 100m - 1km)","Athens (Acropolis)","אתונה (יוון)",37.9715,23.7257,"athens_acropolis","Dissertation §2.7.3.a, pp. 99","A cave leading to an underground corridor with a spring at its base, accessed by eight flights of stairs from the Acropolis. The entrance was sealed during sieges. Pottery dates the end of its use to the second half of the 13th century BCE."
"Tier 4: International Comparative Site (< 100m - 1km)","Baal-Meon","בעלמען",31.6845,35.7485,"baal_meon","Mesha Stele line 9; Dissertation §2.9.49, pp. 183-184","Baal-Meon (Ma'in, Jordan) Moabite King Mesha 'ashuah' reservoir and spring system"
"Tier 4: International Comparative Site (< 100m - 1km)","Beidha","ביידא",30.4,35.467,"beidha","Dissertation §2.2.6, pp. 47, 48","A settlement where travertine deposits near Bir Abu Rujha and along a sandstone cliff indicate the presence of a now-dry spring that supplied water. The site's location in a valley allowed for rainwater collection and channeling to create moist soil conditions, and water cisterns might also have been used."
"Tier 4: International Comparative Site (< 100m - 1km)","Bozrah (Busra)","בוצרה (סוריה)",32.516,36.475,"bozrah_busra","Dissertation §2.6.13, pp. 89","A well in the northern part of the tel, dated to the Middle Bronze Age, which was abandoned along with a house and garden it supplied with water."
"Tier 4: International Comparative Site (< 100m - 1km)","Ebla","אבלה (סוריה)",35.793,36.809,"ebla","Dissertation §2.6.12, pp. 88, 89","A very deep well in the lower city, connecting to a dome-roofed underground chamber, containing artifacts dated to around 2000 BCE."
"Tier 4: International Comparative Site (< 100m - 1km)","Hacilar","הצ'ילר (תורכיה)",37.6,30.15,"hacilar","Dissertation §2.3.2, pp. 50","Two wells were found. One from layer VI (5750-5600 BCE) is a circular, stone-lined well, 3.2m deep, with a diameter of 1.5m at the top, narrowing to 1.25m at the bottom. The second from layer II (5400-5250 BCE) is a rectangular, stone-lined well located in a courtyard within a fortress. Both had evidence of water drawing mechanisms."
"Tier 4: International Comparative Site (< 100m - 1km)","Heshbon","חשבון",31.767,35.767,"heshbon","Dissertation §2.9.13, Summary (186), pp. 152, 153, 186, 191","A large rock-cut water pool, 17x17m and 7m deep, with an estimated capacity of 2000 cubic meters, discovered in stratum 17 (9th-8th centuries BCE). It was fed by runoff channels and possibly supplemented by water from the 'Ein Hisban spring. Listed as one of 17 sites in Iron Age II with a monumental water system, likely involving a tunnel or shaft to access groundwater within the fortified city. A reservoir or pool was found at Tel Heshbon, dated to the Iron Age II period."
"Tier 4: International Comparative Site (< 100m - 1km)","Jawa","ג'ווה",32.3364,37.0068,"jawa","Helms 1981; Dissertation §2.5.11, pp. 60-66","Jawa (Black Desert, Jordan) monumental EB gravity-dam network and stone reservoirs"
"Tier 4: International Comparative Site (< 100m - 1km)","Khirbet Jarassur","ח'רבת ג'אראסור",36.25,38.95,"khirbet_jarassur","Dissertation §2.2.2, pp. 44","A well found at a Halafian culture site (5200 BCE), considered by Campbell to be the oldest well in the world. Most of its upper part was destroyed during the excavation of an irrigation channel."
"Tier 4: International Comparative Site (< 100m - 1km)","Khirbet Zeiraqoun","חירבת זירקון",32.5975,35.9864,"khirbet_zeiraqoun","Ibrahim & Mittmann 1989; Dissertation §2.5.13, p. 67","Khirbet ez-Zeiraqoun (Jordan) 83m deep stepped shaft and water collection pools"
"Tier 4: International Comparative Site (< 100m - 1km)","Mari","מארי",34.5497,40.8897,"mari","Parrot 1958; Dissertation §2.6.11, pp. 87-88","Mari (Tell Hariri, Syria) Zimri-Lim palace terracotta drainage network and bitumen-lined baths"
"Tier 4: International Comparative Site (< 100m - 1km)","Midas City","מידאס סיטי (פריגיה)",39.2014,30.7133,"midas_city","Haspels 1971; Dissertation §2.9.43, pp. 178-179","Midas City (Yazilikaya, Phrygia/Turkey) rock-cut monumental stepped water tunnels"
"Tier 4: International Comparative Site (< 100m - 1km)","Mycenae","מיקנה (יוון)",37.7307,22.7567,"mycenae","Dissertation §2.7.3.b, pp. 99, 100","An underground system with hidden clay pipes transporting water from the Perseia spring (360m away) to an internal reservoir within the city walls, accessed by a stepped passage. Dated to the 13th century BCE. Additionally, two wells were found within the city walls, and two external springs served settlements outside the walls."
"Tier 4: International Comparative Site (< 100m - 1km)","Nimrud (Kalhu)","נמרוד (כלח)",36.0967,43.3283,"nimrud_kalhu","Dissertation §2.9.44, 2.9.45, pp. 178, 179, 180, 191","Three deep wells were found in the Northwest Palace of Ashurnasirpal II (884-859 BCE). The well in room NN was 25.4m deep and lined with bricks, used for about 250 years, while others were found in courtyard AJ and room AB. An aqueduct, about 28 km long, was built by Ashurnasirpal II (884-859 BCE) to bring water from the Great Zab river to Nimrud. It included the Negub Tunnel, a rock-cut tunnel with shafts, which diverted water through a ridge, and is considered the oldest aqueduct in the world. An aqueduct bringing water from a distance outside the city was found at Nimrud, dating to the Iron Age II."
"Tier 4: International Comparative Site (< 100m - 1km)","Nineveh","נינוה (אשור)",36.36,43.153,"nineveh","Jacobsen & Lloyd 1935; Dissertation §2.9.46, pp. 180-181","Nineveh (Assyria/Iraq) King Sennacherib 150km aqueduct network & Jerwan bridge"
"Tier 4: International Comparative Site (< 100m - 1km)","Olynthus","אולינתוס",40.2925,23.2681,"olynthus","Dissertation §3.7, pp. 212","An underground aqueduct, 13 km long, built in the 5th century BCE."
"Tier 4: International Comparative Site (< 100m - 1km)","Qatna","קטנה",34.8967,36.8656,"qatna","du Mesnil du Buisson 1935; Dissertation §2.6.12, pp. 88-89","Qatna (Tell Mishrifeh, Syria) monumental royal palace stepped water descent"
"Tier 4: International Comparative Site (< 100m - 1km)","Rajajil","ראג'אג'יל (ערב הסעודית)",29.809,39.904,"rajajil","Dissertation §2.4.4, pp. 53, 54","An abandoned well, located about 1 km west of the megalithic complex, characterized by small stones, troughs, and rope marks. Its Chalcolithic dating is suggested but not definitively confirmed without excavation."
"Tier 4: International Comparative Site (< 100m - 1km)","Rome (Anio Vetus)","רומא (אניו וטוס)",41.9028,12.4964,"rome_anio_vetus","Dissertation §3.7, pp. 212","The Anio Vetus, an underground aqueduct, 64 km long, built in 272 BCE."
"Tier 4: International Comparative Site (< 100m - 1km)","Rome (Aqua Appia)","רומא (אקווה אפיה)",41.9028,12.4964,"rome_aqua_appia","Dissertation §3.7, pp. 212","The Aqua Appia, an underground aqueduct, 17.6 km long, built in 312 BCE."
"Tier 4: International Comparative Site (< 100m - 1km)","Rome (Aqua Marcia)","רומא (אקווה מרקיה)",41.9028,12.4964,"rome_aqua_marcia","Dissertation §3.7, pp. 211","The Aqua Marcia, an aqueduct 91 km long (10 km on arches), built between 144-140 BCE, supplying water to Rome."
"Tier 4: International Comparative Site (< 100m - 1km)","Samos (Eupalinos Tunnel)","מנהרת אופלינוס (סמוס)",37.69,26.93,"samos_eupalinos_tunnel","Kienast 1987; Dissertation §2.9.48, pp. 182-183","Samos (Greece) 1,036m Eupalinos tunnel aqueduct cut through Mount Kastro"
"Tier 4: International Comparative Site (< 100m - 1km)","Tepe Gawra","טפה גאורה",36.5567,43.2083,"tepe_gawra","Speiser 1935; Dissertation §2.3.3, §2.4.3, §2.5.4, pp. 50, 53, 57","Tepe Gawra (Mesopotamia/Iraq) Halafian & Ubaid bottle-shaped stone-lined wells"
"Tier 4: International Comparative Site (< 100m - 1km)","Tiryns","טירינס (יוון)",37.6056,22.7997,"tiryns","Dissertation §2.7.3.c, pp. 100","Two steep underground passages (30m long, 10m within walls) led through the 10m thick walls to two subterranean cisterns fed by springs. The passages, covered by corbelled arches, ended in small basins where water seeped from rock fissures."
"Tier 4: International Comparative Site (< 100m - 1km)","Toprakkale (Rusahinili)","טופראק קלה (רוסהינילי)",38.525,43.416,"toprakkale_rusahinili","Garbrecht 1980; Dissertation §2.9.42, pp. 177-178","Toprakkale / Rusahinili (Urartu/Van, Turkey) King Rusa II artificial reservoir dams"
"Tier 4: International Comparative Site (< 100m - 1km)","Tushpa / Menua Canal (Van)","תושפה / אמת מנואה (אוררטו)",38.4819,43.3858,"tushpa_menua_canal_van","Dissertation §2.9.40, pp. 175, 176","The 'Mena's Canal' (Manua's Canal), a 56 km long aqueduct built by King Manua (805-785 BCE), supplied water from the Engil river spring to Tushpa, overcoming the non-potable Lake Van water. It included stone dams, channels, and support walls up to 20m high, operating for 2500 years."
"Tier 4: International Comparative Site (< 100m - 1km)","Ulhu","אולחו",37.6667,45.0667,"ulhu","Dissertation §2.9.41, pp. 176","An irrigation system around Ulhu, including a main aqueduct and numerous qanats (underground channels) dug from the mountain, was destroyed by King Sargon II of Assyria (722-705 BCE). This is the earliest textual evidence of qanats in Urartu."
"Tier 4: International Comparative Site (< 100m - 1km)","Umm el-Biyara","אום אל-ביארה",30.327,35.445,"umm_el_biyara","Dissertation §2.9.37, pp. 172, 173, 191","Eight bell-shaped, rock-cut cisterns, located at the lowest point of the plateau to collect runoff. They have round openings (~90cm), are ~4m deep, and are plastered with strong light gray-white plaster. One cistern has an inlet channel, and each has a volume of ~33 cubic meters. Cisterns or pools were found at Umm el-Biyara, dated to the Iron Age II period."