Tier,Site_Name,Hebrew_Name,Latitude,Longitude,Gazetteer_Key,Source_Citation,Notes_and_Description
Tier 1: High Precision (Pinpoint Well/Installation < 50m),Atlit-Yam,עתלית ים,32.71089,34.93150,atlit_yam,"Galili & Nir 1993; Marine Archaeological Survey; Dissertation §2.2.1, p. 43",Atlit-Yam submerged PPN village and stone well located 300m offshore west of Atlit coast at 8-12m depth
Tier 1: High Precision (Pinpoint Well/Installation < 50m),Buqei'a (Judean Desert),בקעת הורקניה (בוקיעה),31.75,35.4,buqei_a_judean_desert,"Dissertation §, pp. 191","Cisterns or pools were found at Buqei'a, dated to the Iron Age II period."
Tier 1: High Precision (Pinpoint Well/Installation < 50m),Horbat Radum,חורבת רדום,31.18975,35.16639,horbat_radum,"Beit-Arieh 2007; IAA Grid 165900/066500; Dissertation §2.9.35, p. 170",Horbat Radum fortress northern cisterns overlooking Nahal Qina
Tier 1: High Precision (Pinpoint Well/Installation < 50m),Horbat Uza,חורבת עוזה,31.20598,35.16428,horbat_uza,"Beit-Arieh 2007; IAA Grid 165700/068300; Dissertation §2.9.34, pp. 168-169","Horbat Uza fortress gate channel, slope cisterns, and southern wadi cistern complex"
Tier 1: High Precision (Pinpoint Well/Installation < 50m),Kfar Galim North,כפר גלים צפון,32.76955,34.95513,kfar_galim_north,"Galili 1985; Submerged Marine Survey; Dissertation §2.3.1.ב, p. 49",Kfar Galim North submerged PN well pits off Carmel coast
Tier 1: High Precision (Pinpoint Well/Installation < 50m),Khirbet Deir es-Sidd,חורבת דיר א-סיד,31.6285,35.132,khirbet_deir_es_sidd,"Hirschfeld 1985; IAA Grid 163200/115200; Dissertation §2.9.25, p. 164",Khirbet Deir es-Sidd rock-cut stepped cisterns and hillside runoff collection channels
Tier 1: High Precision (Pinpoint Well/Installation < 50m),Khirbet Raddana,חורבת רדנה,31.9167,35.2083,khirbet_raddana,"Dissertation §2.8.8, pp. 113","Bell-shaped cisterns cut into the soft chalk rock, located beneath or near houses. These cisterns were crucial due to the distant and small local spring, providing sufficient water for the Iron Age I inhabitants."
Tier 1: High Precision (Pinpoint Well/Installation < 50m),Mezer,מצר,32.47469,35.03584,mezer,"Dothan 1957; IAA Grid 153700/209000; Dissertation §2.5.15, p. 68",Mezer EB I settlement unplastered cisterns B3 and D7
Tier 1: High Precision (Pinpoint Well/Installation < 50m),Mitzad Nahal Akrav,מצודת נחל עקרב,30.65745,34.63682,mitzad_nahal_akrav,"IAA Survey Map 199 Site 156 (10814); Cohen 1986: 167-170; ITM 165046/507592; Dissertation §2.9.36, p. 171",Mitzad Nahal Akrav (Har Hamran SE) Iron II 45x50m oval casemate fortress excavated by Cohen 1983 & slope cisterns
Tier 1: High Precision (Pinpoint Well/Installation < 50m),Netiv HaGdud,נתיב הגדוד,31.96793,35.44661,netiv_hagdud,"Bar-Yosef & Gopher 1997; IAA Grid 192400/152800; Dissertation §2.2.5, pp. 47-48",Netiv HaGdud (Jordan Valley) PPNA settlement and alluvial fan spring system
Tier 1: High Precision (Pinpoint Well/Installation < 50m),Sha'albim,שעלבים,31.86333,34.98519,sha_albim,"IAA Grid 148800/141200; Dissertation §2.6.22, p. 92",Sha'albim (Salbit) Middle Bronze Age rock-cut cisterns and wells
Tier 1: High Precision (Pinpoint Well/Installation < 50m),Tel Beit Shemesh,תל בית שמש,31.74972,34.97173,tel_beit_shemesh,"Bunimovitz & Lederman 2016; IAA Grid 147500/128600; Dissertation §2.9.9, pp. 142-145",Tel Beit Shemesh monumental cruciform 800m³ underground reservoir
Tier 1: High Precision (Pinpoint Well/Installation < 50m),Tel Dan,תל דן,33.24836,35.65193,tel_dan,"Biran 1994; IAA Grid 211200/294800; Dissertation §2.9.14, pp. 154-157",Tel Dan Dan Spring travertine catchments and Iron II hydraulic installations
Tier 1: High Precision (Pinpoint Well/Installation < 50m),Tel Dor,תל דור,32.61807,34.9225,tel_dor,"Stern 2000; IAA Grid 143100/224900; Dissertation §2.9.28, p. 165",Tel Dor Sea gate freshwater wells and coastal kurkar water conduits
Tier 1: High Precision (Pinpoint Well/Installation < 50m),Tel Gezer,תל גזר,31.85882,34.91857,tel_gezer,"Macalister 1912; IAA Grid 142500/140700; Dissertation §2.6.3, pp. 74-76",Tel Gezer monumental MB II rock-cut water tunnel (67m long)
Tier 1: High Precision (Pinpoint Well/Installation < 50m),Tel Nami,תל נאמי,32.66045,34.9245,tel_nami,"Artzy 1991; IAA Grid 143300/229600; Dissertation §2.6.9, p. 87",Tel Nami coastal Middle Bronze rampart wells and freshwater lagoon access
Tier 1: High Precision (Pinpoint Well/Installation < 50m),Tel Yarmut,תל ירמות,31.70914,34.97501,tel_yarmut,"de Miroschedji 1988; IAA Grid 147800/124100; Dissertation §2.5.8, pp. 58-59",Tel Yarmut EB monumental city hydraulic ramps and lower valley reservoirs
Tier 3: Approximate Village / Spring Area (< 500m),Barqa,ברקת,31.9795,34.9352,barqa,"IAA Survey Map 78; Dissertation §2.5, p. 68",Bareqet / Barqa Early Bronze rural settlement neva'im pits and groundwater depression
Tier 4: International Comparative Site (< 100m - 1km),Khirbet Zeiraqoun,חירבת זירקון,32.5975,35.9864,khirbet_zeiraqoun,"Ibrahim & Mittmann 1989; Dissertation §2.5.13, p. 67",Khirbet ez-Zeiraqoun (Jordan) 83m deep stepped shaft and water collection pools
Tier 4: International Comparative Site (< 100m - 1km),Umm el-Biyara,אום אל-ביארה,30.327,35.445,umm_el_biyara,"Dissertation §2.9.37, pp. 172, 173, 191","Eight bell-shaped, rock-cut cisterns, located at the lowest point of the plateau to collect runoff. They have round openings (~90cm), are ~4m deep, and are plastered with strong light gray-white plaster. One cistern has an inlet channel, and each has a volume of ~33 cubic meters. Cisterns or pools were found at Umm el-Biyara, dated to the Iron Age II period."