Name,Latitude,Longitude,Era,Installation_Type,Hebrew_Name,Region,Location_Precision,Dates,Chapter_Section,Dissertation_Pages,Description
"Atlit-Yam (עתלית ים)",32.71089,34.9315,"01. Paleolithic & Epi-Paleolithic (-20000 to -10000 BCE)","Deep Well","עתלית ים","Coastal Plain","Tier 1: High Precision (Pinpoint Well/Installation < 50m)","-20000 to -10000 BCE","2.2.1","43, 44","An ancient well, dated to the early 6th millennium BCE (5900 BCE), found submerged 10m below current sea level. It was a cylindrical shaft 1.5m in diameter and 5.7m deep, dug through clay and into kurkar. A second well was found 100m north, dug into clay and lined with stone."
"Khirbet Jarassur (ח'רבת ג'אראסור)",36.25,38.95,"01. Paleolithic & Epi-Paleolithic (-20000 to -10000 BCE)","Deep Well","ח'רבת ג'אראסור","Syria","Tier 4: International Comparative Site (< 100m - 1km)","-20000 to -10000 BCE","2.2.2","44","A well found at a Halafian culture site (5200 BCE), considered by Campbell to be the oldest well in the world. Most of its upper part was destroyed during the excavation of an irrigation channel."
"Ain Ghazal / Ibn el-Ghazzi (עין ע'זאל / אבן אל-ע'אזי)",31.883,36.833,"02. Pre-Pottery Neolithic (PPN) (-8300 to -5500 BCE)","Water Reservoir","עין ע'זאל / אבן אל-ע'אזי","Jordan","Tier 4: International Comparative Site (< 100m - 1km)","-8300 to -5500 BCE","2.2.3, 2.2","45, 46, 48","A complex water system including artificial channels (two long, two short) leading to 'wells' (interpreted as reservoirs/basins) in a shallow depression. This system was designed to collect and store runoff water from a catchment area of about 29 dunams, potentially holding up to 13,900 cubic meters. A settlement located on the eastern outskirts of Amman, Jordan, near a spring."
"Atlit-Yam (עתלית ים)",32.71089,34.9315,"02. Pre-Pottery Neolithic (PPN) (-8300 to -5500 BCE)","Deep Well","עתלית ים","Coastal Plain","Tier 1: High Precision (Pinpoint Well/Installation < 50m)","-8300 to -5500 BCE","2.2","45, 48","A well, approximately 6 meters deep, demonstrating advanced hydrological and engineering knowledge, construction capabilities, and quarrying skills of the inhabitants. Another well at the site was only partially excavated."
"Beidha (ביידא)",30.4,35.467,"02. Pre-Pottery Neolithic (PPN) (-8300 to -5500 BCE)","Spring Cave Capture","ביידא","Jordan","Tier 4: International Comparative Site (< 100m - 1km)","-8300 to -5500 BCE","2.2.6","47, 48","A settlement where travertine deposits near Bir Abu Rujha and along a sandstone cliff indicate the presence of a now-dry spring that supplied water. The site's location in a valley allowed for rainwater collection and channeling to create moist soil conditions, and water cisterns might also have been used."
"Beisamoun (בייסמון)",33.08605,35.61037,"02. Pre-Pottery Neolithic (PPN) (-8300 to -5500 BCE)","Spring Cave Capture","בייסמון","Upper Galilee","Tier 1: High Precision (Pinpoint Well/Installation < 50m)","-8300 to -5500 BCE","2.2","46","A settlement established in clear proximity to the stable and abundant Einan springs, which remain significant water sources today."
"Gilgal I (גלגל 1)",31.89579,35.45701,"02. Pre-Pottery Neolithic (PPN) (-8300 to -5500 BCE)","Spring Cave Capture","גלגל 1","Jordan Valley","Tier 1: High Precision (Pinpoint Well/Installation < 50m)","-8300 to -5500 BCE","2.2","46, 47","A prehistoric settlement where travertine deposits up to 3 meters thick indicate the presence of an ancient spring, now dry, which served as the water source for the community."
"Jericho (יריחו)",31.8706,35.4442,"02. Pre-Pottery Neolithic (PPN) (-8300 to -5500 BCE)","Spring Cave Capture","יריחו","Jordan Valley","Tier 1: High Precision (Pinpoint Well/Installation < 50m)","-8300 to -5500 BCE","2.2","46","A settlement from the Pre-Pottery Neolithic A period, located near the Elisha Spring in the Jordan Valley."
"Khirbet Jarassur (ח'רבת ג'אראסור)",36.25,38.95,"02. Pre-Pottery Neolithic (PPN) (-8300 to -5500 BCE)","Deep Well","ח'רבת ג'אראסור","Mesopotamia","Tier 4: International Comparative Site (< 100m - 1km)","-8300 to -5500 BCE","2.2","45","A well, briefly reported from Northern Iraq, without detailed information, dimensions, or drawings. It was considered the oldest well in the world by some researchers before the discovery at Atlit-Yam."
"Netiv HaGdud (נתיב הגדוד)",31.96793,35.44661,"02. Pre-Pottery Neolithic (PPN) (-8300 to -5500 BCE)","Water Reservoir","נתיב הגדוד","Jordan Valley","Tier 1: High Precision (Pinpoint Well/Installation < 50m)","-8300 to -5500 BCE","2.2.5","47, 48","A settlement established near a freshwater lake (Lake Salibiya), which formed as the Lisan Lake receded, indicating a wetter climate than today."
"Yiftah'el (יפתחאל)",32.75491,35.22763,"02. Pre-Pottery Neolithic (PPN) (-8300 to -5500 BCE)","Spring Cave Capture","יפתחאל","Lower Galilee","Tier 1: High Precision (Pinpoint Well/Installation < 50m)","-8300 to -5500 BCE","2.2","46","A settlement located near the Ein Yiftah'el spring in the Lower Galilee."
"Hacilar (הצ'ילר (תורכיה))",37.6,30.15,"03. Pottery Neolithic (PN) (-5500 to -4500 BCE)","Deep Well","הצ'ילר (תורכיה)","Turkey","Tier 4: International Comparative Site (< 100m - 1km)","-5500 to -4500 BCE","2.3.2","50","Two wells were found. One from layer VI (5750-5600 BCE) is a circular, stone-lined well, 3.2m deep, with a diameter of 1.5m at the top, narrowing to 1.25m at the bottom. The second from layer II (5400-5250 BCE) is a rectangular, stone-lined well located in a courtyard within a fortress. Both had evidence of water drawing mechanisms."
"Kfar Galim North (כפר גלים צפון)",32.76955,34.95513,"03. Pottery Neolithic (PN) (-5500 to -4500 BCE)","Deep Well","כפר גלים צפון","Coastal Plain","Tier 1: High Precision (Pinpoint Well/Installation < 50m)","-5500 to -4500 BCE","2.3.1.ב","49","Five circular pits were found, one of which was excavated to 0.7m depth, dug into hard clay and lined with kurkar and limestone. It had an outer diameter of 1.5m and an inner diameter of 0.8-0.9m, identified as a well."
"Kfar Samir (כפר סמיר)",32.7921,34.9572,"03. Pottery Neolithic (PN) (-5500 to -4500 BCE)","Deep Well","כפר סמיר","Coastal Plain","Tier 1: High Precision (Pinpoint Well/Installation < 50m)","-5500 to -4500 BCE","2.3.1.א","49, 51","A rectangular pit (1x0.8m) dug to 2m depth, constructed with alternating layers of stone and oak wood, widening at the bottom. It is identified as a well, unique in its construction method, and possibly used for capturing fresh water springs."
"Megadim (מגדים)",32.72627,34.9515,"03. Pottery Neolithic (PN) (-5500 to -4500 BCE)","Deep Well","מגדים","Coastal Plain","Tier 1: High Precision (Pinpoint Well/Installation < 50m)","-5500 to -4500 BCE","2.3.1.ג","49","Three pits were found, one of which was partially excavated to 0.4m depth. These pits are considered potential wells or water collection points, possibly for capturing fresh water springs."
"Tepe Gawra (טפה גאורה)",36.5567,43.2083,"03. Pottery Neolithic (PN) (-5500 to -4500 BCE)","Deep Well","טפה גאורה","Iraq","Tier 4: International Comparative Site (< 100m - 1km)","-5500 to -4500 BCE","2.3.3","50","A bottle-shaped well, 5m deep, dug into virgin soil at the base of the tel, dating to the Halafian culture (6th millennium BCE). It had an oval opening (1.5x1.2m) and a maximum diameter of 3.1m in the middle, with pottery showing signs of prolonged water exposure."
"Abu Huf (אבו חוף)",31.39985,34.85371,"04. Chalcolithic Period (-4500 to -3300 BCE)","Deep Well","אבו חוף","Shephelah","Tier 1: High Precision (Pinpoint Well/Installation < 50m)","-4500 to -3300 BCE","2.4.1","52, 54","A round well, 1.5-1.55m in inner diameter and 2.45m deep, constructed of dry-laid fieldstones. It was dug into gravel alluvium next to a wadi channel and was associated with a building and courtyard."
"Ein Gedi (עין גדי)",31.46297,35.39268,"04. Chalcolithic Period (-4500 to -3300 BCE)","Spring Cave Capture","עין גדי","Judean Hills","Tier 1: High Precision (Pinpoint Well/Installation < 50m)","-4500 to -3300 BCE","2.4 Summary","54","A Chalcolithic temple complex demonstrating a strong connection to the natural springs in its vicinity. The proximity to these springs suggests their cultic significance and use during this period."
"Horbat Beter (חורבת בתר)",31.23844,34.77868,"04. Chalcolithic Period (-4500 to -3300 BCE)","Deep Well","חורבת בתר","Negev","Tier 1: High Precision (Pinpoint Well/Installation < 50m)","-4500 to -3300 BCE","2.4.2","52, 54","A cylindrical well, 2m in diameter and 3m deep, excavated into loess soil down to the ancient streambed of Nahal Beersheba. Two steps were cut into its upper walls, and it was intentionally filled at a later stage."
"Rajajil (ראג'אג'יל (ערב הסעודית))",29.809,39.904,"04. Chalcolithic Period (-4500 to -3300 BCE)","Deep Well","ראג'אג'יל (ערב הסעודית)","Saudi Arabia","Tier 4: International Comparative Site (< 100m - 1km)","-4500 to -3300 BCE","2.4.4","53, 54","An abandoned well, located about 1 km west of the megalithic complex, characterized by small stones, troughs, and rope marks. Its Chalcolithic dating is suggested but not definitively confirmed without excavation."
"Tepe Gawra (טפה גאורה)",36.5567,43.2083,"04. Chalcolithic Period (-4500 to -3300 BCE)","Deep Well","טפה גאורה","Mesopotamia","Tier 4: International Comparative Site (< 100m - 1km)","-4500 to -3300 BCE","2.4.3","53, 54","An Ubaid period well, 1.15m in diameter at its rim, excavated to a depth of 12-13m. It was found a few centimeters below the holy of holies floor of the northern temple of Layer XIII, and its water was used by the city's acropolis."
"Ai (et-Tell) (העי (א-תל))",31.9167,35.2611,"05. Early Bronze Age (EB) (-3300 to -2200 BCE)","Water Reservoir","העי (א-תל)","Judean Hills","Tier 1: High Precision (Pinpoint Well/Installation < 50m)","-3300 to -2200 BCE","2.5.10, 2.5","59, 71","A large open-air reservoir in Area K, exceeding 1800 cubic meters in volume, 25m wide, and 2.5m deep. It was designed to collect runoff water from the upper city via channels, featuring a stone floor on clay and a thick dam wall, dating to EB 1-3. The only known instance of plaster from this period is from a water pool at Ai, where impermeable clayey soil was used as a hydraulic material to line the reservoir."
"Barqa (ברקת)",31.9795,34.9352,"05. Early Bronze Age (EB) (-3300 to -2200 BCE)","Deep Well","ברקת","Shephelah","Tier 3: Approximate Village / Spring Area (< 500m)","-3300 to -2200 BCE","2.5","68","The site shows evidence of rainwater storage in soft chalk bedrock, indicating the use of rock-cut cisterns during the Early Bronze Age."
"Ein Qadis (עין קדיס)",30.5512,34.4695,"05. Early Bronze Age (EB) (-3300 to -2200 BCE)","Spring Cave Capture","עין קדיס","Negev","Tier 3: Approximate Village / Spring Area (< 500m)","-3300 to -2200 BCE","2.5.9","59","A permanent spring in the Western Negev Highlands, serving as a crucial water source around which Early Bronze Age settlements were concentrated."
"Jawa (ג'ווה)",32.3364,37.0068,"05. Early Bronze Age (EB) (-3300 to -2200 BCE)","Water Reservoir","ג'ווה","Jordan","Tier 4: International Comparative Site (< 100m - 1km)","-3300 to -2200 BCE","2.5.12","65, 66","Three water collection systems and two modified natural pools (P3, P4) with a total capacity of 1800 cubic meters. The system involved diverting water from Wadi Rajil with a diversion dam and channels to fill the pools, dated to the Early Bronze Age."
"Kadesh Barnea (Ein el-Gudeirat) (קדש ברנע (עין אל-קודייראת))",30.6558,34.4235,"05. Early Bronze Age (EB) (-3300 to -2200 BCE)","Spring Cave Capture","קדש ברנע (עין אל-קודייראת)","Negev","Tier 1: High Precision (Pinpoint Well/Installation < 50m)","-3300 to -2200 BCE","2.5.9","59","A permanent spring in the Western Negev Highlands, serving as a crucial water source around which Early Bronze Age settlements were concentrated."
"Khirbet Zeiraqoun (חירבת זירקון)",32.5975,35.9864,"05. Early Bronze Age (EB) (-3300 to -2200 BCE)","Water Tunnel Shaft","חירבת זירקון","Jordan","Tier 4: International Comparative Site (< 100m - 1km)","-3300 to -2200 BCE","2.5.3","56, 57","Three stepped shafts were excavated, leading to a groundwater level approximately 60m deep. One shaft is 100m long, reaching the bottom of Wadi Shallala. Horizontal tunnels and connecting stepped tunnels were proposed to bring water into the city, dated to EB 2-3."
"Mezer (מצר)",32.47469,35.03584,"05. Early Bronze Age (EB) (-3300 to -2200 BCE)","Deep Well","מצר","Coastal Plain","Tier 1: High Precision (Pinpoint Well/Installation < 50m)","-3300 to -2200 BCE","2.5.15","68","Multiple rock-cut cisterns, including a large one (B3) 5m deep and another (D7) with niches, were used for rainwater collection via rock-cut channels. These cisterns were unplastered due to the impermeable Nari and chalk bedrock."
"Midiya (מידיא)",31.9325,35.0118,"05. Early Bronze Age (EB) (-3300 to -2200 BCE)","Deep Well","מידיא","Samaria","Tier 3: Approximate Village / Spring Area (< 500m)","-3300 to -2200 BCE","2.5.14","67, 68","This Early Bronze Age settlement, like others in Western Samaria, utilized unplastered cisterns carved into soft chalk bedrock to collect rainwater, compensating for the absence of nearby springs."
"Nahal Horasha Illit (Well) (נחל חורשה עילי (באר))",30.5345,34.542,"05. Early Bronze Age (EB) (-3300 to -2200 BCE)","Deep Well","נחל חורשה עילי (באר)","Negev","Tier 3: Approximate Village / Spring Area (< 500m)","-3300 to -2200 BCE","2.5.9","59","A well near Mount Ramon, possibly originating in the Early Bronze Age (or even Pre-Pottery Neolithic) when the water table was higher, despite its later Ottoman reconstruction."
"Ovda Valley (בקעת עובדה)",29.932,34.975,"05. Early Bronze Age (EB) (-3300 to -2200 BCE)","Deep Well","בקעת עובדה","Negev","Tier 1: High Precision (Pinpoint Well/Installation < 50m)","-3300 to -2200 BCE","2.5.1, 2.5.13","55, 66","Four wells were discovered, cut into a water-bearing layer. One well, well-preserved, has a 1.5-1m opening, is bell-shaped, 1.5m deep, and lined with stones. Its dating to the Chalcolithic and Early Bronze Age is based on nearby flint tools. Two methods of water storage were identified: 'granot' (runoff collection basins), dams, and depressions in clay, in addition to wells. These systems were associated with Early Bronze Age 2 settlement clusters."
"Shabtin (שבתין)",31.9542,35.0685,"05. Early Bronze Age (EB) (-3300 to -2200 BCE)","Deep Well","שבתין","Samaria","Tier 3: Approximate Village / Spring Area (< 500m)","-3300 to -2200 BCE","2.5.14","67, 68","This Early Bronze Age settlement, located near a spring, also featured unplastered cisterns carved into soft chalk bedrock for rainwater collection, a common practice in Western Samaria."
"Tel Arad (תל ערד)",31.28173,35.12535,"05. Early Bronze Age (EB) (-3300 to -2200 BCE)","Deep Well","תל ערד","Negev","Tier 1: High Precision (Pinpoint Well/Installation < 50m)","-3300 to -2200 BCE","2.5.2, 2.5.11, 2.5","55, 56, 60, 61, 62, 63, 64, 65, 70, 71","A well is located in the heart of the Early Bronze Age city. Although re-used in the Iron Age, it is suggested that its initial excavation dates to the Early Bronze Age as part of a larger runoff water collection system. An open-air pool/reservoir in the city center, formed by collecting rainwater runoff through radial streets into a natural depression, covering about one dunam. Water collection from rooftops into large pithoi is also suggested for this EB city. Arad had central water pools for collecting runoff, and large storage jars (pithoi) were used within houses for water storage. Clayey soil was used as a hydraulic plaster for water installations."
"Tel Bet Yerah (בית ירח)",32.71635,35.56921,"05. Early Bronze Age (EB) (-3300 to -2200 BCE)","Aqueduct Channel","בית ירח","Jordan Valley","Tier 1: High Precision (Pinpoint Well/Installation < 50m)","-3300 to -2200 BCE","2.5.17","70","A basalt-lined tunnel, roofed with basalt slabs, was discovered on the southern edge of Tel Bet Yerah. It is interpreted as part of an Early Bronze Age III water system, possibly an aqueduct bringing water from mountain springs or a channel collecting runoff within the city."
"Tel Dalit (תל דלית)",31.98326,34.96053,"05. Early Bronze Age (EB) (-3300 to -2200 BCE)","Deep Well","תל דלית","Judean Hills","Tier 1: High Precision (Pinpoint Well/Installation < 50m)","-3300 to -2200 BCE","2.5.16","68, 69, 70","A fortified Early Bronze Age settlement with several rock-cut cisterns in soft chalk bedrock, designed to collect rainwater. One examined cistern was irregular, 2.2m deep to the chamber, with a rectangular chamber 2.6x2.0m, showing no signs of plaster due to the impermeable chalk. Shallow wells in nearby wadis likely supplemented water supply during peacetime."
"Tel Megiddo (תל מגידו)",32.5847,35.18275,"05. Early Bronze Age (EB) (-3300 to -2200 BCE)","Ancient City Water System","תל מגידו","Jezreel Valley","Tier 1: High Precision (Pinpoint Well/Installation < 50m)","-3300 to -2200 BCE","2.5","71","Despite massive city walls, an Early Bronze Age water system was likely present, possibly a depression in the northern part of the tel, though specific details are scarce due to later archaeological layers."
"Tel Mizpon le-Fahma (תל מצפון לפחמה)",32.4125,35.1842,"05. Early Bronze Age (EB) (-3300 to -2200 BCE)","Deep Well","תל מצפון לפחמה","Samaria","Tier 3: Approximate Village / Spring Area (< 500m)","-3300 to -2200 BCE","2.5.14","67, 68","This Early Bronze Age settlement, like others in Western Samaria, utilized unplastered cisterns carved into soft chalk bedrock to collect rainwater, compensating for the absence of nearby springs."
"Tel near Bazariya (תל ליד בזריה)",32.3025,35.161,"05. Early Bronze Age (EB) (-3300 to -2200 BCE)","Deep Well","תל ליד בזריה","Samaria","Tier 3: Approximate Village / Spring Area (< 500m)","-3300 to -2200 BCE","2.5.14","67, 68","This Early Bronze Age settlement, like others in Western Samaria, utilized unplastered cisterns carved into soft chalk bedrock to collect rainwater, compensating for the absence of nearby springs."
"Tel Yarmut (תל ירמות)",31.70914,34.97501,"05. Early Bronze Age (EB) (-3300 to -2200 BCE)","Water Reservoir","תל ירמות","Shephelah","Tier 1: High Precision (Pinpoint Well/Installation < 50m)","-3300 to -2200 BCE","2.5","71","Although no formal water system has been discovered for the Early Bronze Age, a clear topographical depression at the lowest point of the 150-dunam city likely served to collect runoff water."
"Tepe Gawra (טפה גאורה)",36.5567,43.2083,"05. Early Bronze Age (EB) (-3300 to -2200 BCE)","Deep Well","טפה גאורה","Mesopotamia","Tier 4: International Comparative Site (< 100m - 1km)","-3300 to -2200 BCE","2.5.4","57","Two wells were found. The older well (Layer VIIIb, Late Uruk/EB) was 2.8m in diameter, excavated to 24m, plastered with mud, and featured steps, connected to a bitumen-lined drainage channel. A second well (Layer VI, early 3rd millennium BCE) also had a drainage channel leading to it."
"Bozrah (Busra) (בוצרה (סוריה))",32.516,36.475,"06. Middle Bronze Age (MB) (-2200 to -1550 BCE)","Deep Well","בוצרה (סוריה)","Syria","Tier 4: International Comparative Site (< 100m - 1km)","-2200 to -1550 BCE","2.6.13","89","A well in the northern part of the tel, dated to the Middle Bronze Age, which was abandoned along with a house and garden it supplied with water."
"Ebla (אבלה (סוריה))",35.793,36.809,"06. Middle Bronze Age (MB) (-2200 to -1550 BCE)","Deep Well","אבלה (סוריה)","Syria","Tier 4: International Comparative Site (< 100m - 1km)","-2200 to -1550 BCE","2.6.12","88, 89","A very deep well in the lower city, connecting to a dome-roofed underground chamber, containing artifacts dated to around 2000 BCE."
"Jericho (יריחו)",31.8706,35.4442,"06. Middle Bronze Age (MB) (-2200 to -1550 BCE)","Spring Cave Capture","יריחו","Jordan Valley","Tier 1: High Precision (Pinpoint Well/Installation < 50m)","-2200 to -1550 BCE","2.6.3","75","During the Middle Bronze Age, the city of Jericho was fortified, and Elisha's Spring (Ein es-Sultan) was intentionally included within its city walls to provide a secure water source."
"Jerusalem (City of David) (ירושלים (עיר דוד))",31.77406,35.23584,"06. Middle Bronze Age (MB) (-2200 to -1550 BCE)","Spring Cave Capture","ירושלים (עיר דוד)","Judean Hills","Tier 1: High Precision (Pinpoint Well/Installation < 50m)","-2200 to -1550 BCE","2.6.4","76, 77, 78, 79, 80, 81","The Gihon Spring was the primary water source for Jerusalem from the Chalcolithic period, and its abundant flow was seven times greater than the city's needs during the Middle Bronze Age. Channel I, a plastered channel partly cut into rock and partly built, is considered the oldest water system in the area, possibly dating to the Middle Bronze Age or earlier, used for irrigating agricultural plots in the Kidron Valley. The central water system of Jerusalem, including Warren's Shaft (tunnel part), the Great Tower, a pool, and Channels II and III, was carved and built during Middle Bronze Age II to provide the city with an internal water source, especially during sieges."
"Mari (מארי)",34.5497,40.8897,"06. Middle Bronze Age (MB) (-2200 to -1550 BCE)","Aqueduct Channel","מארי","Mesopotamia","Tier 4: International Comparative Site (< 100m - 1km)","-2200 to -1550 BCE","2.6.25","94","Textual evidence from King Yahdun-Lim (18th century BCE) describes the construction of canals to bring water to Mari, potentially representing an early urban aqueduct, though no archaeological evidence has been found."
"Qatna (קטנה)",34.8967,36.8656,"06. Middle Bronze Age (MB) (-2200 to -1550 BCE)","Spring Cave Capture","קטנה","Syria","Tier 4: International Comparative Site (< 100m - 1km)","-2200 to -1550 BCE","2.6.5","81","During Middle Bronze Age II, a spring was enclosed within the walls of the kingdom city of Qatna, while a stream outside the rampart may have filled a moat for defense."
"Sha'albim (שעלבים)",31.86333,34.98519,"06. Middle Bronze Age (MB) (-2200 to -1550 BCE)","Plastered Cistern","שעלבים","Shephelah","Tier 1: High Precision (Pinpoint Well/Installation < 50m)","-2200 to -1550 BCE","2.6.22","92","A burial cave from MB IIB was originally a rock-cut, mud-plastered water cistern, approximately 3m deep and 3m in diameter, with spiral steps for access."
"Tel Dan (תל דן)",33.24836,35.65193,"06. Middle Bronze Age (MB) (-2200 to -1550 BCE)","Spring Cave Capture","תל דן","Upper Galilee","Tier 1: High Precision (Pinpoint Well/Installation < 50m)","-2200 to -1550 BCE","2.6.2","73, 74, 75","The city of Dan, enclosed by a massive rampart, incorporated the eastern springs of Dan within its fortifications during the Middle Bronze Age, serving as the primary water source. An artificial water passage (sinkhole) was likely constructed concurrently with the rampart to manage excess water."
"Tel Gerisa (תל גריסה)",32.09327,34.80648,"06. Middle Bronze Age (MB) (-2200 to -1550 BCE)","Water Tunnel Shaft","תל גריסה","Coastal Plain","Tier 1: High Precision (Pinpoint Well/Installation < 50m)","-2200 to -1550 BCE","2.6.6","82, 83","A water system consisting of an elliptical vertical shaft with steps, cut into the kurkar rock, was constructed during Middle Bronze Age IIA within the fortified city of Tel Gerisa to reach groundwater, likely for use during sieges."
"Tel Gezer (תל גזר)",31.85882,34.91857,"06. Middle Bronze Age (MB) (-2200 to -1550 BCE)","Water Tunnel Shaft","תל גזר","Shephelah","Tier 1: High Precision (Pinpoint Well/Installation < 50m)","-2200 to -1550 BCE","2.6.7, 2.6.23","83, 84, 85, 86, 93, 94","An impressive water system was discovered within the fortifications of Tel Gezer, comprising an entrance, a sloping tunnel with steps, a collection basin, and a cave, dating to the Middle Bronze Age. A large, complex stepped water tunnel, 40m long and nearly 40m deep, leading to a natural spring/groundwater source. The author argues for its construction in the Middle Bronze Age. Numerous bottle-shaped, rock-cut, and often plastered cisterns were found, typically 4.9-7m deep, with drainage channels collecting runoff. Specific examples like 23089 and 34046 are dated to the Middle Bronze Age, with some reused into later periods."
"Tel Haror (תל הרור)",31.38362,34.60649,"06. Middle Bronze Age (MB) (-2200 to -1550 BCE)","Deep Well","תל הרור","Northern Negev","Tier 1: High Precision (Pinpoint Well/Installation < 50m)","-2200 to -1550 BCE","2.6.11","88","A 2m diameter, 11.5m deep well, lined with kurkar stones and rock-cut, located within the Middle Bronze Age city, intended to supply water during sieges. Dated by MB II pottery."
"Tel Hazor (תל חצור)",33.01843,35.56828,"06. Middle Bronze Age (MB) (-2200 to -1550 BCE)","Water Tunnel Shaft","תל חצור","Upper Galilee","Tier 1: High Precision (Pinpoint Well/Installation < 50m)","-2200 to -1550 BCE","2.6.8, 2.6.21","87, 91, 92","A large depression in the lower city is suggested to be the top of a shaft dug to groundwater, used during the Middle Bronze and Late Bronze Ages. Six bottle-shaped, rock-cut cisterns (e.g., 9024, 9027, 6243) were found, dated to MB II by pottery, with some continuing into LB. They featured narrow necks, expanding bodies, and sometimes plaster, designed to collect rainwater runoff."
"Tel Kabri (תל כברי)",33.00851,35.13976,"06. Middle Bronze Age (MB) (-2200 to -1550 BCE)","Spring Cave Capture","תל כברי","Western Galilee","Tier 1: High Precision (Pinpoint Well/Installation < 50m)","-2200 to -1550 BCE","2.6.1","73","A large planned city from MB II (c. 1800 BCE) was built around the abundant Ein Shefa spring, which was enclosed within the city's rampart. Excess water was likely drained through a channel in the western gate."
"Tel Lachish (תל לכיש)",31.56667,34.8478,"06. Middle Bronze Age (MB) (-2200 to -1550 BCE)","Deep Well","תל לכיש","Shephelah","Tier 1: High Precision (Pinpoint Well/Installation < 50m)","-2200 to -1550 BCE","2.6.10","88","A 44m deep, 2.4m diameter cylindrical well, stone-lined and rock-cut, located within the city's Middle Bronze Age fortifications and used until the Iron Age."
"Tel Megiddo (תל מגידו)",32.5847,35.18275,"06. Middle Bronze Age (MB) (-2200 to -1550 BCE)","Water Tunnel Shaft","תל מגידו","Jezreel Valley","Tier 1: High Precision (Pinpoint Well/Installation < 50m)","-2200 to -1550 BCE","2.6.8","87","A large depression in the northern part of the tel is hypothesized to be an early water system (MB, LB, possibly EB) reaching groundwater, potentially connected to Ein el-Qubi."
"Tel Nami (תל נאמי)",32.66045,34.9245,"06. Middle Bronze Age (MB) (-2200 to -1550 BCE)","Deep Well","תל נאמי","Coastal Plain","Tier 1: High Precision (Pinpoint Well/Installation < 50m)","-2200 to -1550 BCE","2.6.9","87","An unfortified settlement featured a rectangular/oval well, 2.3m deep, lined with fieldstones, dated to MB IIA. Its bottom is 1.2m below current sea level, indicating a lower sea level in the MB period."
"Athens (Acropolis) (אתונה (יוון))",37.9715,23.7257,"07. Late Bronze Age (LB) (-1550 to -1200 BCE)","Spring Cave Capture","אתונה (יוון)","Greece","Tier 4: International Comparative Site (< 100m - 1km)","-1550 to -1200 BCE","2.7.3.a","99","A cave leading to an underground corridor with a spring at its base, accessed by eight flights of stairs from the Acropolis. The entrance was sealed during sieges. Pottery dates the end of its use to the second half of the 13th century BCE."
"Mezer (מצר)",32.47469,35.03584,"07. Late Bronze Age (LB) (-1550 to -1200 BCE)","Water Tunnel Shaft","מצר","Sinai / Egypt","Tier 1: High Precision (Pinpoint Well/Installation < 50m)","-1550 to -1200 BCE","2.7.4","100, 101","A deep water shaft, 52m deep, with a staircase descending along its side, dug to reach groundwater. The excavation was documented in two texts and took 100 days with 120 workers. The bottom was moist, suggesting groundwater was reached."
"Mycenae (מיקנה (יוון))",37.7307,22.7567,"07. Late Bronze Age (LB) (-1550 to -1200 BCE)","Ancient City Water System","מיקנה (יוון)","Greece","Tier 4: International Comparative Site (< 100m - 1km)","-1550 to -1200 BCE","2.7.3.b","99, 100","An underground system with hidden clay pipes transporting water from the Perseia spring (360m away) to an internal reservoir within the city walls, accessed by a stepped passage. Dated to the 13th century BCE. Additionally, two wells were found within the city walls, and two external springs served settlements outside the walls."
"Tel Ashdod (תל אשדוד)",31.75693,34.659,"07. Late Bronze Age (LB) (-1550 to -1200 BCE)","Water Reservoir","תל אשדוד","Coastal Plain","Tier 1: High Precision (Pinpoint Well/Installation < 50m)","-1550 to -1200 BCE","2.7.8","103, 104","A plastered pool (4162) measuring 3.2x1.5m, found in Area G within a governor's house or palace (Strata XIV-XVII, Late Bronze Age II). It had two phases, with a brick layer beneath the plaster floor, and a drainage channel leading to a stone-lined drainage pit. Water likely collected from roofs or was manually brought from a well."
"Tel Beit Shemesh (תל בית שמש)",31.74972,34.97173,"07. Late Bronze Age (LB) (-1550 to -1200 BCE)","Plastered Cistern","תל בית שמש","Shephelah","Tier 1: High Precision (Pinpoint Well/Installation < 50m)","-1550 to -1200 BCE","2.7.7","103","Numerous rock-cut, plastered cisterns (at least 24) were found, dating to Stratum IV (Late Bronze Age). They had narrow necks built up with fieldstones and a sump at the bottom. The widespread use of plaster is highlighted."
"Tel Beth Shean (תל בית שאן)",32.50535,35.50446,"07. Late Bronze Age (LB) (-1550 to -1200 BCE)","Deep Well","תל בית שאן","Jordan Valley","Tier 1: High Precision (Pinpoint Well/Installation < 50m)","-1550 to -1200 BCE","2.7.1","98","A deep well, 13m deep and 0.86m in diameter, found in the southeastern part of Tel Beit She'an. Its walls were built of bricks for 11.9m, with the rest being earlier fill. Dated to Stratum IXa (14th century BCE)."
"Tel Gamma (תל ג'מה)",31.38813,34.44125,"07. Late Bronze Age (LB) (-1550 to -1200 BCE)","Deep Well","תל ג'מה","Negev","Tier 1: High Precision (Pinpoint Well/Installation < 50m)","-1550 to -1200 BCE","2.7.2","98","A sealed well, evidenced by large stones with rope marks and a depression that fills with water, located 400m southwest of Nahal Besor, at the foot of the acropolis. Possibly dates to the initial phase of the lower city in the Late Bronze Age."
"Tel Hazor (תל חצור)",33.01843,35.56828,"07. Late Bronze Age (LB) (-1550 to -1200 BCE)","Water Reservoir","תל חצור","Upper Galilee","Tier 1: High Precision (Pinpoint Well/Installation < 50m)","-1550 to -1200 BCE","2.7.5","101, 102","A large underground water reservoir (No. 357) in the Upper City, within the Late Bronze Age palace area (Stratum XIV). It features a built entrance corridor with a corbelled arch and a rock-cut section extending 30m to a depth of 8.5m, ending in a cruciform shape. It was plastered and had carved steps, with a capacity of about 150 cubic meters. Initially, it might have been a burial cave (Stratum XV) before being converted to a reservoir. A bottle-shaped cistern, dated to the Late Bronze Age, found in the western part of the Iron Age water system entrance. Its neck was destroyed during the Iron Age construction, but it contained many intact Late Bronze Age vessels."
"Tel Taanach (תל תענך)",32.52158,35.22005,"07. Late Bronze Age (LB) (-1550 to -1200 BCE)","Water Reservoir","תל תענך","Jezreel Valley","Tier 1: High Precision (Pinpoint Well/Installation < 50m)","-1550 to -1200 BCE","2.7.6","102, 103","A square shaft (1.45m side, 7.4m preserved height) initially intended as a stepped well to groundwater, but excavation was halted. The entire system, including the shaft, was plastered to serve as a reservoir. Dated to Late Bronze Age I, possibly after Thutmose III's campaign (1468 BCE)."
"Tiryns (טירינס (יוון))",37.6056,22.7997,"07. Late Bronze Age (LB) (-1550 to -1200 BCE)","Spring Cave Capture","טירינס (יוון)","Greece","Tier 4: International Comparative Site (< 100m - 1km)","-1550 to -1200 BCE","2.7.3.c","100","Two steep underground passages (30m long, 10m within walls) led through the 10m thick walls to two subterranean cisterns fed by springs. The passages, covered by corbelled arches, ended in small basins where water seeped from rock fissures."
"Ai (et-Tell) (העי (א-תל))",31.9167,35.2611,"08. Iron Age I (-1200 to -1000 BCE)","Plastered Cistern","העי (א-תל)","Judean Hills","Tier 1: High Precision (Pinpoint Well/Installation < 50m)","-1200 to -1000 BCE","2.8.8","113","Bell-shaped cisterns cut into the soft chalk rock, located beneath or near houses. One cistern was connected to two others, possibly for sedimentation, and was sealed when the house was abandoned around 3000 years ago (Iron Age I)."
"Khirbet Raddana (חורבת רדנה)",31.9167,35.2083,"08. Iron Age I (-1200 to -1000 BCE)","Plastered Cistern","חורבת רדנה","Judean Hills","Tier 1: High Precision (Pinpoint Well/Installation < 50m)","-1200 to -1000 BCE","2.8.8","113","Bell-shaped cisterns cut into the soft chalk rock, located beneath or near houses. These cisterns were crucial due to the distant and small local spring, providing sufficient water for the Iron Age I inhabitants."
"Tel Beersheba (תל באר שבע)",31.24566,34.83643,"08. Iron Age I (-1200 to -1000 BCE)","Deep Well","תל באר שבע","Negev","Tier 1: High Precision (Pinpoint Well/Installation < 50m)","-1200 to -1000 BCE","2.8.4","109, 110, 111","An ancient well located on the southeastern side of the tel. Its upper part is associated with the early layers (VI-IX) of Tel Beersheba, dating to Iron Age I (11th century BCE). The well is very deep, reaching 69m, and was likely connected to the earliest settlement."
"Tel Beit Shemesh (תל בית שמש)",31.74972,34.97173,"08. Iron Age I (-1200 to -1000 BCE)","Deep Well","תל בית שמש","Shephelah","Tier 1: High Precision (Pinpoint Well/Installation < 50m)","-1200 to -1000 BCE","2.8.3","109","A large well, 3.3m in diameter, discovered north of the city gate. Its upper part is built with large stones. Mackenzie attributed it to the Philistine fortified city, dating its use to Iron Age I."
"Tel Dor (תל דור)",32.61807,34.9225,"08. Iron Age I (-1200 to -1000 BCE)","Deep Well","תל דור","Coastal Plain","Tier 1: High Precision (Pinpoint Well/Installation < 50m)","-1200 to -1000 BCE","2.8.1","107, 108","A rectangular well cut into kurkar rock, reaching the shallow water table. It underwent three construction phases, with pottery dating its use from the late 13th to early 11th century BCE (Iron Age I). It was built with ashlar stones and protected from sea waves."
"Tel Gerisa (תל גריסה)",32.09327,34.80648,"08. Iron Age I (-1200 to -1000 BCE)","Deep Well","תל גריסה","Coastal Plain","Tier 1: High Precision (Pinpoint Well/Installation < 50m)","-1200 to -1000 BCE","2.8.2","108, 109","An Iron Age I well built into an older Middle Bronze Age water system. It is a rectangular vertical shaft, constructed with large, roughly hewn stones, and its use is attributed to the Philistine settlement from the 11th century BCE."
"Tel Hazor (תל חצור)",33.01843,35.56828,"08. Iron Age I (-1200 to -1000 BCE)","Aqueduct Channel","תל חצור","Upper Galilee","Tier 1: High Precision (Pinpoint Well/Installation < 50m)","-1200 to -1000 BCE","2.8.11","114","Two rock-cut aqueducts (northern and southern) were found west and southwest of the tel. They are unplastered and their early date is suggested by sherds in their fill, possibly dating to the Iron Age or even Early Bronze Age II."
"Tel Shiloh (תל שילה)",32.0554,35.29103,"08. Iron Age I (-1200 to -1000 BCE)","Plastered Cistern","תל שילה","Samaria","Tier 1: High Precision (Pinpoint Well/Installation < 50m)","-1200 to -1000 BCE","2.8.7","113","A rock-cut and plastered cistern (Cistern 1320) found in the courtyard of an Iron Age I house (Layer V and IV)."
"Tel Taanach (תל תענך)",32.52158,35.22005,"08. Iron Age I (-1200 to -1000 BCE)","Plastered Cistern","תל תענך","Jezreel Valley","Tier 1: High Precision (Pinpoint Well/Installation < 50m)","-1200 to -1000 BCE","2.8.6","113","A cistern located beneath a courtyard of a building dated to the late 12th century BCE. It is 13.3m deep, with a built neck of 7m, and was fed by a plastered drainage channel from the courtyard."
"Tell es-Sa'idiyeh (תל א-סעידיה)",32.2989,35.5806,"08. Iron Age I (-1200 to -1000 BCE)","Spring Cave Capture","תל א-סעידיה","Jordan Valley","Tier 1: High Precision (Pinpoint Well/Installation < 50m)","-1200 to -1000 BCE","2.8.5","111, 112","A monumental stepped water system with 95 preserved steps, leading down to a hidden spring. It was covered to conceal it from enemies. The system includes a small semi-circular pool and a plastered underground channel, dating its initial use to the mid-12th century BCE (Iron Age I)."
"Ai (et-Tell) (העי (א-תל))",31.9167,35.2611,"09. Iron Age II (-1000 to -586 BCE)","Plastered Cistern","העי (א-תל)","Judean Hills","Tier 1: High Precision (Pinpoint Well/Installation < 50m)","-1000 to -586 BCE","","191","Cisterns or pools were found at Ai (et-Tell), dated to the Iron Age II period."
"Amman (Rabbath Ammon) (עמאן (רבת עמון))",31.954,35.936,"09. Iron Age II (-1000 to -586 BCE)","Water Reservoir","עמאן (רבת עמון)","Jordan","Tier 4: International Comparative Site (< 100m - 1km)","-1000 to -586 BCE","2.9.12, Summary (186)","152, 186, 191","A large rock-cut cruciform water reservoir, similar to those at Beit Shemesh and Beersheba, located north of the acropolis. It has an estimated capacity of 1264 cubic meters and features an external opening for water entry and a stepped tunnel for drawing water, dated to Iron Age II. Listed as one of 17 sites in Iron Age II with a monumental water system, specifically mentioning a cruciform-shaped reservoir designed to maximize storage volume and prevent roof collapse. A reservoir with an external feeding system was identified at Amman during the Iron Age II."
"Arbailu (Erbil) (ארבילו (אירביל))",36.1911,44.0094,"09. Iron Age II (-1000 to -586 BCE)","Aqueduct Channel","ארבילו (אירביל)","Mesopotamia","Tier 4: International Comparative Site (< 100m - 1km)","-1000 to -586 BCE","2.9.47","181, 182, 191","Sennacherib built an aqueduct to Arbela, starting from the Chai fortress about 20km away. It began with a subterranean tunnel, 1.2m high and 1.12m wide, lined with ashlar stones and featuring shafts every 42m, bringing water from three rivers and springs to the city center. An aqueduct bringing water from a distance outside the city was found at Erbil, dating to the Iron Age II."
"Athens (Acropolis) (אתונה (יוון))",37.9715,23.7257,"09. Iron Age II (-1000 to -586 BCE)","Water Tunnel Shaft","אתונה (יוון)","Greece","Tier 4: International Comparative Site (< 100m - 1km)","-1000 to -586 BCE","","191","A water system, cut to a spring or groundwater within the fortified city, was found at Athens, dating to the Iron Age II."
"Baal-Meon (בעלמען)",31.6845,35.7485,"09. Iron Age II (-1000 to -586 BCE)","Water Reservoir","בעלמען","Jordan","Tier 4: International Comparative Site (< 100m - 1km)","-1000 to -586 BCE","2.9.49","183, 184","The Mesha Stele records King Mesha of Moab building the city of Baal-Meon and constructing a water reservoir ('ashuah') or capturing a spring, possibly utilizing Israelite captives for their hydrological knowledge and labor."
"Bor Hamat (בור חמת)",30.62167,34.72927,"09. Iron Age II (-1000 to -586 BCE)","Deep Well","בור חמת","Negev","Tier 1: High Precision (Pinpoint Well/Installation < 50m)","-1000 to -586 BCE","2.9.36","171","One open cistern, part of the Iron Age II water supply in the Negev Highlands, with a volume of approximately 1250 cubic meters."
"Buqei'a (Judean Desert) (בקעת הורקניה (בוקיעה))",31.75,35.4,"09. Iron Age II (-1000 to -586 BCE)","Plastered Cistern","בקעת הורקניה (בוקיעה)","Negev","Tier 1: High Precision (Pinpoint Well/Installation < 50m)","-1000 to -586 BCE","","191","Cisterns or pools were found at Buqei'a, dated to the Iron Age II period."
"Gibeon (el-Jib) (גבעון (אל-ג'יב))",31.8489,35.18404,"09. Iron Age II (-1000 to -586 BCE)","Water Tunnel Shaft","גבעון (אל-ג'יב)","Judean Hills","Tier 1: High Precision (Pinpoint Well/Installation < 50m)","-1000 to -586 BCE","2.9.5, 2.9.51, Summary (186)","128, 129, 130, 131, 185, 186, 187, 191","A system comprising a horizontal tunnel from a spring to a collection chamber, and a 52m long stepped tunnel ascending into the fortified city, dated by the author to the 10th or 9th century BCE (early Iron Age II). A large circular stepped shaft, 11.3m in diameter and 24m deep, cut into rock with a spiral staircase, designed to access groundwater. The author dates its construction to the 7th century BCE (late Iron Age II). Mentioned as a site with an underground water system where a pulley could have been used, similar to the one depicted in an Assyrian relief, suggesting a sophisticated water supply during sieges. Listed as one of 17 sites in Iron Age II Israel with two monumental water systems, likely involving tunnels or shafts to access groundwater within the fortified city. A water system, cut to a spring or groundwater within the fortified city, was found at Gibeon, dating to the Iron Age II."
"Heshbon (חשבון)",31.767,35.767,"09. Iron Age II (-1000 to -586 BCE)","Water Reservoir","חשבון","Jordan","Tier 4: International Comparative Site (< 100m - 1km)","-1000 to -586 BCE","2.9.13, Summary (186)","152, 153, 186, 191","A large rock-cut water pool, 17x17m and 7m deep, with an estimated capacity of 2000 cubic meters, discovered in stratum 17 (9th-8th centuries BCE). It was fed by runoff channels and possibly supplemented by water from the 'Ein Hisban spring. Listed as one of 17 sites in Iron Age II with a monumental water system, likely involving a tunnel or shaft to access groundwater within the fortified city. A reservoir or pool was found at Tel Heshbon, dated to the Iron Age II period."
"Horbat Radum (חורבת רדום)",31.18975,35.16639,"09. Iron Age II (-1000 to -586 BCE)","Plastered Cistern","חורבת רדום","Negev","Tier 1: High Precision (Pinpoint Well/Installation < 50m)","-1000 to -586 BCE","2.9.35","170, 191","Two depressions, approximately 2m in diameter, were found outside the northern wall of this late Iron Age II fortress. These are identified as likely blocked cisterns that served the fortification. Cisterns or pools were found at Radum, dated to the Iron Age II period."
"Horbat Rosh Zayit (חורבת ראש זית)",32.87866,35.22864,"09. Iron Age II (-1000 to -586 BCE)","Plastered Cistern","חורבת ראש זית","Lower Galilee","Tier 1: High Precision (Pinpoint Well/Installation < 50m)","-1000 to -586 BCE","2.9.19","160, 191","A rock-cut cistern found within the fortress, designed to collect rainwater runoff from the fortress area, dating to the 10th-9th centuries BCE. Cisterns or pools were found at Tel Ras ez-Zeit, dated to the Iron Age II period."
"Horbat Shilha (חורבת שילחה)",31.86153,35.38394,"09. Iron Age II (-1000 to -586 BCE)","Plastered Cistern","חורבת שילחה","Judean Hills","Tier 1: High Precision (Pinpoint Well/Installation < 50m)","-1000 to -586 BCE","2.9.24","164, 191","A bell-shaped, rock-cut cistern (Locus 21) with a 0.85m opening and 1.8m diameter at 1.25m depth, located within a four-room house. Runoff was collected via earth channels. Plaster presence is not reported, but typical for such cisterns. Cisterns or pools were found at Shilha, dated to the Iron Age II period."
"Horbat Uza (חורבת עוזה)",31.20598,35.16428,"09. Iron Age II (-1000 to -586 BCE)","Aqueduct Channel","חורבת עוזה","Negev","Tier 1: High Precision (Pinpoint Well/Installation < 50m)","-1000 to -586 BCE","2.9.34","168, 169","A covered drainage channel, constructed with stone slabs and over 20m long, was found in the gate passage of the fortress. It started in the plaza, passed under the threshold, and likely terminated in a rock-cut cistern on the slope. Two depressions outside the southern wall of the fortress are identified as likely blocked cisterns, contributing to the site's water supply during the late Iron Age II. Three large cisterns are located 300m south of the fortress in a wadi. The middle cistern is T-shaped, partially rock-cut and partially built with later barrel vaults, estimated at 400 cubic meters, and features multiple plaster layers (possibly Iron Age I and Herodian)."
"Ibleam (Khirbet Bel'ameh) (יבלעם (ח'רבת בלעמה))",32.44584,35.29243,"09. Iron Age II (-1000 to -586 BCE)","Water Tunnel Shaft","יבלעם (ח'רבת בלעמה)","Samaria","Tier 1: High Precision (Pinpoint Well/Installation < 50m)","-1000 to -586 BCE","2.9.4, Summary (186)","127, 128, 186, 191","A rock-cut tunnel, approximately 100m long with steps, leading from the Bir Sinjil spring into the ancient tel, characteristic of Iron Age II water systems. Listed as one of 17 sites in Iron Age II Israel with a monumental water system, likely involving a tunnel or shaft to access groundwater within the fortified city. A water system, cut to a spring or groundwater within the fortified city, was found at Ibleam, dating to the Iron Age II."
"Jerusalem (City of David) (ירושלים (עיר דוד))",31.77406,35.23584,"09. Iron Age II (-1000 to -586 BCE)","Aqueduct Channel","ירושלים (עיר דוד)","Judean Hills","Tier 1: High Precision (Pinpoint Well/Installation < 50m)","-1000 to -586 BCE","2.9.6, Summary (186)","131, 132, 133, 134, 135, 136, 137, 138, 139, 140, 141, 142, 143, 144, 145, 186, 191","Hezekiah's Tunnel, a 533m long rock-cut channel, diverted water from the Gihon Spring to the Pool of Siloam within the city walls, constructed in the late 8th century BCE (late Iron Age II) during King Hezekiah's reign. A large pool (15x15m during the First Temple period) located at the southern end of Hezekiah's Tunnel, serving as the primary reservoir for the diverted Gihon Spring waters within the city. Hezekiah's Tunnel, a 530m long rock-cut tunnel, was constructed in the 8th century BCE (Iron II) to divert water from the Gihon Spring to the Pool of Siloam inside the city walls, a complex engineering feat involving two teams digging from opposite ends. Warren's Shaft, a natural vertical karstic shaft (13m deep), was accidentally discovered in the 8th century BCE during preparations for Hezekiah's Tunnel, leading to attempts to connect it to the Gihon Spring and integrate it into the water system. Channel IV, an overflow channel originating near the Pool of Siloam and extending to the Kidron Valley, is considered by some scholars to be an original part of Hezekiah's Tunnel, dating its construction to the 8th century BCE. Various pools mentioned in biblical texts (e.g., Upper Pool, Lower Pool, Old Pool, Pool of Siloam) likely collected runoff water, serving as secondary water sources for the city, primarily for non-drinking uses during the Iron Age. The 'Hasmonean Water Channel,' a rock-cut channel near the Temple Mount, collected runoff water for cisterns. Although named Hasmonean, some scholars propose it dates to the First Temple period (Iron Age). Bir Ayub, identified with biblical Ein Rogel, is a 38m deep well fed by a small cave and fissures. Its water was primarily used for irrigating fields and gardens, and its biblical mentions indicate its use during the Iron Age. Listed as one of 17 sites in Iron Age II Israel with a monumental water system, likely involving a tunnel or shaft to access groundwater within the fortified city. An aqueduct system within the city, likely feeding a reservoir or pool, was present in Jerusalem during the Iron Age II. A reservoir or pool, likely fed by an aqueduct or tunnel, was present in Jerusalem during the Iron Age II."
"Jit (ג'ית)",32.2285,35.1632,"09. Iron Age II (-1000 to -586 BCE)","Spring Cave Capture","ג'ית","Samaria","Tier 1: High Precision (Pinpoint Well/Installation < 50m)","-1000 to -586 BCE","2.9.38","173, 174","An ancient, rock-cut pool known as 'El-Ein' (the spring), consisting of three parts with a total depth of 13.73m. Its water source is a spring, fed by a 1.5m high tunnel from a hard limestone layer, making it a central water facility."
"Kadesh Barnea (Ein el-Gudeirat) (קדש ברנע (עין אל-קודייראת))",30.6558,34.4235,"09. Iron Age II (-1000 to -586 BCE)","Water Reservoir","קדש ברנע (עין אל-קודייראת)","Negev","Tier 1: High Precision (Pinpoint Well/Installation < 50m)","-1000 to -586 BCE","2.9.18, Summary (186)","159, 186, 191","A water system in the Middle Fortress (8th-7th centuries BCE) consisting of a stone-built, plastered reservoir (approx. 140 cubic meters) with 25 steps leading to its bottom, fed by a plastered channel from the main spring, Ein Qudeirat. Listed as one of 17 sites in Iron Age II Israel with a monumental water system, likely involving a tunnel or shaft to access groundwater within the fortified city. A reservoir with an external feeding system was identified at Kadesh Barnea during the Iron Age II."
"Kerem es-Samra (Kerem el-Ajez) (כרם א-סמרא (כרם אל עג'ז))",31.71662,35.39106,"09. Iron Age II (-1000 to -586 BCE)","Water Reservoir","כרם א-סמרא (כרם אל עג'ז)","Judean Desert","Tier 1: High Precision (Pinpoint Well/Installation < 50m)","-1000 to -586 BCE","2.9.30","167","A large pool measuring 22x18m, located in the southwest of the fortress, with collapsed walls. It served as a water reservoir for the Iron Age II fortress."
"Khirbet Abu et-Twein (חורבת אבו א-טווין)",31.6492,35.1058,"09. Iron Age II (-1000 to -586 BCE)","Plastered Cistern","חורבת אבו א-טווין","Negev","Tier 1: High Precision (Pinpoint Well/Installation < 50m)","-1000 to -586 BCE","2.9.29","165, 166, 191","Cisterns or pools were found at Ibn Tuwayn, dated to the Iron Age II period. A large rock-cut cistern, located 5m outside the SW corner of the fortress, dated to the 9th-7th century BCE. It has a heart-shaped plan, measuring 11.95x7.7m with a current depth of 1.7m (estimated original 4m), and an estimated volume of 250 cubic meters. It features a square opening and two layers of plaster, collecting runoff from the fortress and surrounding areas, possibly supplemented by a nearby spring."
"Khirbet Abu Tabaq (Kerem Atrad) (ח'רבת אבו טבק (כרם עטרד))",31.74133,35.40537,"09. Iron Age II (-1000 to -586 BCE)","Spring Cave Capture","ח'רבת אבו טבק (כרם עטרד)","Judean Desert","Tier 1: High Precision (Pinpoint Well/Installation < 50m)","-1000 to -586 BCE","2.9.30","166, 167","The Abu Tabaq Cave, located at the foot of the fortress, served as a reservoir. It is 35m long, 7m wide, and 5m high, with a built entrance and steps leading inside. A rock-cut cistern, 18m from the Abu Tabaq Cave, approximately 6m deep with a 1m diameter opening. It is located beneath the fortress, suggesting a shaft for drawing water from within the fortification."
"Khirbet Bint-Barr (חורבת בנת בר)",32.06171,35.05254,"09. Iron Age II (-1000 to -586 BCE)","Plastered Cistern","חורבת בנת בר","Negev","Tier 1: High Precision (Pinpoint Well/Installation < 50m)","-1000 to -586 BCE","2.9.21","162, 191","Cisterns or pools were found at Bannat Bar, dated to the Iron Age II period. A rectangular plastered cistern (approx. 4x3m, 3.5m deep, 40 cubic meters) with Iron Age plaster, and two bell-shaped cisterns (one 3.5m diameter/depth, 23 cubic meters; another 6m diameter, 3m deep, 56 cubic meters) were identified, dating to the 8th century BCE."
"Khirbet Deir es-Sidd (חורבת דיר א-סיד)",31.62889,35.13769,"09. Iron Age II (-1000 to -586 BCE)","Plastered Cistern","חורבת דיר א-סיד","Judean Hills","Tier 1: High Precision (Pinpoint Well/Installation < 50m)","-1000 to -586 BCE","2.9.25","164, 191","Rock-cut cisterns with channels leading to them were found on the steep slopes of this extensive settlement. These cisterns were used during the Iron Age II and continued into the Second Temple period. Cisterns or pools were found at Deir es-Sid, dated to the Iron Age II period."
"Khirbet el-Khuwwakh (Etam) (ח'רבת אל-ח'וואח (עיטם))",31.6884,35.18303,"09. Iron Age II (-1000 to -586 BCE)","Water Reservoir","ח'רבת אל-ח'וואח (עיטם)","Judean Hills","Tier 1: High Precision (Pinpoint Well/Installation < 50m)","-1000 to -586 BCE","2.9.11, Summary (186)","151, 186, 191","A reservoir with an external feeding system was identified at Ayyats during the Iron Age II. A large natural karstic cave, 42m long, 4m wide, and 2m high, with an estimated capacity of 300 cubic meters. It was plastered with two layers of plaster dating to Iron Age II, indicating its use as a water reservoir, with an entrance for drawing water and another for collecting runoff or spring water. Listed as one of 17 sites in Iron Age II Israel with a monumental water system, likely involving a tunnel or shaft to access groundwater within the fortified city."
"Khirbet el-Mekari (ח'רבת אל-מקארי)",31.70102,35.38258,"09. Iron Age II (-1000 to -586 BCE)","Plastered Cistern","ח'רבת אל-מקארי","Judean Desert","Tier 1: High Precision (Pinpoint Well/Installation < 50m)","-1000 to -586 BCE","2.9.30","167","Two adjacent rock-cut cisterns at Ma'aghir et-Tabaqa, 200m NW of the fortress. They measure 13x8m and 15x8m, with depths of 3-4m, and likely served the Iron Age II settlement."
"Khirbet Halukim (חורבת חלוקים)",30.9004,34.8005,"09. Iron Age II (-1000 to -586 BCE)","Deep Well","חורבת חלוקים","Negev","Tier 1: High Precision (Pinpoint Well/Installation < 50m)","-1000 to -586 BCE","2.9.36","171","Two open cisterns, part of the Iron Age II water supply in the Negev Highlands. One cistern has a volume of approximately 300 cubic meters."
"Khirbet Marjameh (חורבת מרג'מה)",32.0158,35.3425,"09. Iron Age II (-1000 to -586 BCE)","Plastered Cistern","חורבת מרג'מה","Samaria","Tier 1: High Precision (Pinpoint Well/Installation < 50m)","-1000 to -586 BCE","2.9.22","162, 191","A rock-cut cistern opening was found near the 8th-century BCE fortifications, though its size and plaster type are unknown. The primary water source for the city was the large Ein Samia spring nearby. Cisterns or pools were found at Qala' Marjama, dated to the Iron Age II period."
"Khirbet Meshura (חורבת משורה)",30.9458,34.7525,"09. Iron Age II (-1000 to -586 BCE)","Plastered Cistern","חורבת משורה","Negev","Tier 1: High Precision (Pinpoint Well/Installation < 50m)","-1000 to -586 BCE","2.9.36","171","Three rock-cut cisterns, part of the Iron Age II water supply in the Negev Highlands, designed to store water."
"Khirbet Raddana (חורבת רדנה)",31.9167,35.2083,"09. Iron Age II (-1000 to -586 BCE)","Plastered Cistern","חורבת רדנה","Judean Hills","Tier 1: High Precision (Pinpoint Well/Installation < 50m)","-1000 to -586 BCE","","191","Cisterns or pools were found at Khirbet Raddana, dated to the Iron Age II period."
"Khirbet Rahba (חורבת רחבה)",31.0195,34.9015,"09. Iron Age II (-1000 to -586 BCE)","Deep Well","חורבת רחבה","Negev","Tier 1: High Precision (Pinpoint Well/Installation < 50m)","-1000 to -586 BCE","2.9.36","171","One open cistern, part of the Iron Age II water supply in the Negev Highlands, designed to collect runoff water. Two rock-cut cisterns, part of the Iron Age II water supply in the Negev Highlands, designed to store water."
"Khirbet Ramat Boker (חורבת רמת בוקר)",30.9292,34.7953,"09. Iron Age II (-1000 to -586 BCE)","Deep Well","חורבת רמת בוקר","Negev","Tier 1: High Precision (Pinpoint Well/Installation < 50m)","-1000 to -586 BCE","2.9.36","171","One open cistern, part of the Iron Age II water supply in the Negev Highlands, designed to collect runoff water."
"Khirbet Ratama (חורבת רתמה)",30.87235,34.72801,"09. Iron Age II (-1000 to -586 BCE)","Deep Well","חורבת רתמה","Negev","Tier 1: High Precision (Pinpoint Well/Installation < 50m)","-1000 to -586 BCE","2.9.36","171","One open cistern, part of the Iron Age II water supply in the Negev Highlands, designed to collect runoff water."
"Khirbet Tov (חורבת טוב)",31.00039,35.08892,"09. Iron Age II (-1000 to -586 BCE)","Ancient City Water System","חורבת טוב","Negev","Tier 1: High Precision (Pinpoint Well/Installation < 50m)","-1000 to -586 BCE","2.9.16, Summary (186)","158, 186, 187, 191","A fortress from the 7th century BCE with a water system comprising a well (3.9m diameter and depth) located 46m from the fortress, and a channel passing through the fortress wall, likely for collecting runoff and possibly supplemented by the well. An unlocated water reservoir within the fortress is hypothesized. Listed as one of 17 sites in Iron Age II Israel with a monumental water system, likely involving a tunnel or shaft to access groundwater within the fortified city. Wells were found at Khirbet Tov, which are dated with high probability to the Iron Age II period. A reservoir with an external feeding system was possibly identified at Khirbet Tov during the Iron Age II, though its identification is noted with some uncertainty."
"Midas City (מידאס סיטי (פריגיה))",39.2014,30.7133,"09. Iron Age II (-1000 to -586 BCE)","Water Tunnel Shaft","מידאס סיטי (פריגיה)","Phrygia","Tier 4: International Comparative Site (< 100m - 1km)","-1000 to -586 BCE","2.9.43","177, 178, 191","A fortified city with several tunnels and stepped passages cut into the rock, leading to springs below the city level. These systems, including a large cave-like chamber with ventilation shafts and a fountain, provided hidden access to water during sieges. A water system, cut to a spring or groundwater within the fortified city, was found at Midas City, dating to the Iron Age II."
"Migdal Nahal Sarapid (מגדל נחל סרפד)",30.68209,34.66943,"09. Iron Age II (-1000 to -586 BCE)","Deep Well","מגדל נחל סרפד","Negev","Tier 1: High Precision (Pinpoint Well/Installation < 50m)","-1000 to -586 BCE","2.9.36","171","One open cistern, part of the Iron Age II water supply in the Negev Highlands, designed to collect runoff water."
"Mishor Haruach (מישור הרוח)",30.60364,34.7805,"09. Iron Age II (-1000 to -586 BCE)","Deep Well","מישור הרוח","Negev","Tier 1: High Precision (Pinpoint Well/Installation < 50m)","-1000 to -586 BCE","2.9.36","171","One open cistern, part of the Iron Age II water supply in the Negev Highlands, designed to collect runoff water."
"Mitzad Har Hamat (מצודת הר חמת)",30.6225,34.7225,"09. Iron Age II (-1000 to -586 BCE)","Deep Well","מצודת הר חמת","Negev","Tier 1: High Precision (Pinpoint Well/Installation < 50m)","-1000 to -586 BCE","2.9.36","171","One open cistern, part of the Iron Age II water supply in the Negev Highlands, designed to collect runoff water."
"Mitzad Har Raviv (מצד הר רביב)",30.90211,34.67761,"09. Iron Age II (-1000 to -586 BCE)","Deep Well","מצד הר רביב","Negev","Tier 1: High Precision (Pinpoint Well/Installation < 50m)","-1000 to -586 BCE","2.9.36","171","One open cistern, part of the Iron Age II water supply in the Negev Highlands, designed to collect runoff water."
"Mitzad Hatira (מצודת חתירה)",30.95531,34.94233,"09. Iron Age II (-1000 to -586 BCE)","Deep Well","מצודת חתירה","Negev","Tier 1: High Precision (Pinpoint Well/Installation < 50m)","-1000 to -586 BCE","2.9.36","171","One open cistern, part of the Iron Age II water supply in the Negev Highlands, designed to collect runoff water."
"Mitzad Nahal Akrav (מצודת נחל עקרב)",30.65745,34.63682,"09. Iron Age II (-1000 to -586 BCE)","Deep Well","מצודת נחל עקרב","Negev","Tier 1: High Precision (Pinpoint Well/Installation < 50m)","-1000 to -586 BCE","2.9.36","171","One open cistern (possibly two), part of the Iron Age II water supply in the Negev Highlands, designed to collect runoff water."
"Mitzad Nahal Boker (מצד נחל בוקר)",30.92194,34.8063,"09. Iron Age II (-1000 to -586 BCE)","Deep Well","מצד נחל בוקר","Negev","Tier 1: High Precision (Pinpoint Well/Installation < 50m)","-1000 to -586 BCE","2.9.36","171","One open cistern, part of the Iron Age II water supply in the Negev Highlands, designed to collect runoff water. Two rock-cut cisterns, part of the Iron Age II water supply in the Negev Highlands, designed to store water."
"Mitzad Nahal Ela (מצד נחל אלה)",30.72447,34.67651,"09. Iron Age II (-1000 to -586 BCE)","Deep Well","מצד נחל אלה","Negev","Tier 1: High Precision (Pinpoint Well/Installation < 50m)","-1000 to -586 BCE","2.9.36","171","Two open cisterns, part of the Iron Age II water supply in the Negev Highlands, designed to collect runoff water."
"Mitzad Nahal Tzana (מצד נחל צנע)",30.7938,34.8775,"09. Iron Age II (-1000 to -586 BCE)","Deep Well","מצד נחל צנע","Negev","Tier 1: High Precision (Pinpoint Well/Installation < 50m)","-1000 to -586 BCE","2.9.36","171","Four open cisterns, part of the Iron Age II water supply in the Negev Highlands, designed to collect runoff water."
"Mitzad Sarapid (מצד סרפד)",30.68389,34.67255,"09. Iron Age II (-1000 to -586 BCE)","Deep Well","מצד סרפד","Negev","Tier 1: High Precision (Pinpoint Well/Installation < 50m)","-1000 to -586 BCE","2.9.36","171","One open cistern, part of the Iron Age II water supply in the Negev Highlands, designed to collect runoff water. Two rock-cut cisterns, part of the Iron Age II water supply in the Negev Highlands, designed to store water."
"Mycenae (מיקנה (יוון))",37.7307,22.7567,"09. Iron Age II (-1000 to -586 BCE)","Water Tunnel Shaft","מיקנה (יוון)","Greece","Tier 4: International Comparative Site (< 100m - 1km)","-1000 to -586 BCE","","191","A water system, cut to a spring or groundwater within the fortified city, was found at Mycenae, dating to the Iron Age II."
"Nessana (נצנה)",30.8752,34.4172,"09. Iron Age II (-1000 to -586 BCE)","Plastered Cistern","נצנה","Negev","Tier 1: High Precision (Pinpoint Well/Installation < 50m)","-1000 to -586 BCE","","191","Cisterns or pools were found at Nessana, dated to the Iron Age II period."
"Nimrud (Kalhu) (נמרוד (כלח))",36.0967,43.3283,"09. Iron Age II (-1000 to -586 BCE)","Deep Well","נמרוד (כלח)","Mesopotamia","Tier 4: International Comparative Site (< 100m - 1km)","-1000 to -586 BCE","2.9.44, 2.9.45","178, 179, 180, 191","Three deep wells were found in the Northwest Palace of Ashurnasirpal II (884-859 BCE). The well in room NN was 25.4m deep and lined with bricks, used for about 250 years, while others were found in courtyard AJ and room AB. An aqueduct, about 28 km long, was built by Ashurnasirpal II (884-859 BCE) to bring water from the Great Zab river to Nimrud. It included the Negub Tunnel, a rock-cut tunnel with shafts, which diverted water through a ridge, and is considered the oldest aqueduct in the world. An aqueduct bringing water from a distance outside the city was found at Nimrud, dating to the Iron Age II."
"Nineveh (נינוה (אשור))",36.36,43.153,"09. Iron Age II (-1000 to -586 BCE)","Aqueduct Channel","נינוה (אשור)","Mesopotamia","Tier 4: International Comparative Site (< 100m - 1km)","-1000 to -586 BCE","2.9.46, 2.9.52","180, 181, 185, 191","Sennacherib (704-681 BCE) built extensive water systems for Nineveh, including the Kisiri Canal (16km) from the Khosr river, diverting 18 streams from the Bashiqah mountains, and the Hinis Canal (55km) from the Gomel river basin, which crossed rivers via bridges (like Jerwan) and mountains via tunnels. An Assyrian relief from the time of Ashurbanipal (668-631 BCE) depicts an aqueduct on pointed arches, similar to the Jerwan aqueduct built by Sennacherib, bringing water to a flourishing garden near Nineveh. An aqueduct bringing water from a distance outside the city was found at Nineveh, dating to the Iron Age II."
"Qumran (קומראן)",31.7407,35.46188,"09. Iron Age II (-1000 to -586 BCE)","Plastered Cistern","קומראן","Judean Desert","Tier 1: High Precision (Pinpoint Well/Installation < 50m)","-1000 to -586 BCE","2.9.31","167, 191","A unique round cistern (Locus 110), 6.5m deep with a diameter of 5.05-5.3m, and a volume of 136 cubic meters. It features a 70cm thick wall with four layers of plaster and an inlet channel 0.85m below the rim, which functioned during Iron Age II. Cisterns or pools were found at Qumran, dated to the Iron Age II period."
"Samos (Eupalinos Tunnel) (מנהרת אופלינוס (סמוס))",37.69,26.93,"09. Iron Age II (-1000 to -586 BCE)","Water Tunnel Shaft","מנהרת אופלינוס (סמוס)","Greece","Tier 4: International Comparative Site (< 100m - 1km)","-1000 to -586 BCE","2.9.48","182, 183, 191","The Eupalinos Tunnel, built in the 6th century BCE, is a 1040m long tunnel cut through a mountain to supply water from a spring to the city of Samos. It included an initial 890m covered aqueduct section, vertical shafts, and a complex rock-cut tunnel with a deep trench for water pipes, demonstrating advanced engineering. An aqueduct bringing water from a distance outside the city was found at Samos, dating to the Iron Age II."
"Tel Arad (תל ערד)",31.28173,35.12535,"09. Iron Age II (-1000 to -586 BCE)","Ancient City Water System","תל ערד","Negev","Tier 1: High Precision (Pinpoint Well/Installation < 50m)","-1000 to -586 BCE","2.9.15, Summary (186)","155, 156, 157, 158, 186, 187, 191","A water system for the fortress, including a deep well (25.19m deep, 4.6m diameter) outside the walls, and a covered rock-cut channel (24m long) leading under the city wall to three large plastered cisterns (approx. 250 cubic meters) inside the fortress. The system collected runoff and was supplemented by water from the well. Listed as one of 17 sites in Iron Age II Israel with a monumental water system, likely involving a tunnel or shaft to access groundwater within the fortified city. Wells were found at Tel Arad, which are dated with high probability to the Iron Age II period. A reservoir with an external feeding system was identified at Tel Arad during the Iron Age II."
"Tel Aroer (תל ערוער)",31.15098,34.97746,"09. Iron Age II (-1000 to -586 BCE)","Ancient City Water System","תל ערוער","Negev","Tier 1: High Precision (Pinpoint Well/Installation < 50m)","-1000 to -586 BCE","2.9.17, Summary (186)","159, 186, 191","A walled settlement from the 7th century BCE with a large, unexcavated, bowl-shaped depression (40m diameter, 6m deep) within the walls, hypothesized to be a subterranean water reservoir fed by floodwaters from Nahal Aroer. Additionally, wells outside the settlement were likely used. Listed as one of 17 sites in Iron Age II Israel with a monumental water system, likely involving a tunnel or shaft to access groundwater within the fortified city. A well was found at Tel Aroer, dated to the Iron Age II period. A reservoir with an external feeding system was possibly identified at Tel Aroer during the Iron Age II, though its identification is noted with some uncertainty."
"Tel Ashdod (תל אשדוד)",31.75693,34.659,"09. Iron Age II (-1000 to -586 BCE)","Plastered Cistern","תל אשדוד","Coastal Plain","Tier 1: High Precision (Pinpoint Well/Installation < 50m)","-1000 to -586 BCE","","191","Cisterns or pools were found at Ashdod, dated to the Iron Age II period."
"Tel Azekah (תל עזקה)",31.70102,34.93491,"09. Iron Age II (-1000 to -586 BCE)","Ancient City Water System","תל עזקה","Shephelah","Tier 1: High Precision (Pinpoint Well/Installation < 50m)","-1000 to -586 BCE","2.9.50","184","An Assyrian inscription (Azekah Inscription) from Sargon II's campaign (712 BCE) mentions 'water' and 'canal' in the context of conquering a city, possibly hinting at the use or destruction of a water system, or a siege tactic involving a water tunnel."
"Tel Beersheba (תל באר שבע)",31.24566,34.83643,"09. Iron Age II (-1000 to -586 BCE)","Ancient City Water System","תל באר שבע","Negev","Tier 1: High Precision (Pinpoint Well/Installation < 50m)","-1000 to -586 BCE","2.9.14, Summary (186)","153, 154, 155, 186, 191","An elaborate internal city water system from Iron Age II, consisting of a deep entrance shaft, a large double-cruciform plastered reservoir (approx. 500 cubic meters) fed by floodwaters from Nahal Hebron via a channel, and a deep well outside the city walls (Iron Age I, but used in Iron Age II). Listed as one of 17 sites in Iron Age II Israel with a monumental water system, specifically mentioning a cruciform-shaped reservoir designed to maximize storage volume and prevent roof collapse. Wells were found at Tel Beersheba, including three associated with 'Nimrod', dating to the Iron Age II period. A reservoir with an external feeding system was identified at Tel Beersheba during the Iron Age II."
"Tel Beit Mirsim (תל בית מרסים)",31.45576,34.90931,"09. Iron Age II (-1000 to -586 BCE)","Plastered Cistern","תל בית מרסים","Shephelah","Tier 1: High Precision (Pinpoint Well/Installation < 50m)","-1000 to -586 BCE","2.9.28","165, 191","Several cisterns were found in Layer A (Iron Age II). One in the SE area (338-15) was 6m deep, with a built and rock-cut section, and a well-preserved, plastered channel leading to it from the NE, likely draining roofs. A settling basin was present at the channel's entry point. Cisterns or pools were found at Tel Beit Mirsim, dated to the Iron Age II period."
"Tel Beit Shemesh (תל בית שמש)",31.74972,34.97173,"09. Iron Age II (-1000 to -586 BCE)","Water Reservoir","תל בית שמש","Shephelah","Tier 1: High Precision (Pinpoint Well/Installation < 50m)","-1000 to -586 BCE","2.9.9, 2.9.26, 2.9.27, Summary (186)","144, 145, 146, 164, 165, 186, 191","A monumental, cruciform-shaped rock-cut reservoir (24x23.5m, 6m high) in Area C, fed by multiple channels collecting runoff, was constructed in the 10th century BCE (Iron IIA) and reused in the 7th century BCE. A round cistern in Area B, dated to Iron Age II, measuring 5.75m in diameter and 7m deep. It features a 0.6m diameter opening, a 5m neck (3m built, 2m rock-cut), and 10cm thick gray plaster. Its estimated volume is 87 cubic meters. A rock-cut, spherical cistern in Area A, dated to Iron Age II, with a 1x1m square opening and a 1.5m neck, reaching a depth of 4.5m. Its volume is approximately 15 cubic meters (excluding the neck), with traces of disintegrated plaster found. Listed as one of 17 sites in Iron Age II Israel with a monumental water system, specifically mentioning a cruciform-shaped reservoir designed to maximize storage volume and prevent roof collapse. A reservoir or pool was found at Tel Beit Shemesh, dated to the Iron Age II period. Cisterns or pools were found at Tel Beit Shemesh, dated to the Iron Age II period."
"Tel en-Nasbeh (תל א-נצבה)",31.88497,35.21577,"09. Iron Age II (-1000 to -586 BCE)","Plastered Cistern","תל א-נצבה","Judean Hills","Tier 1: High Precision (Pinpoint Well/Installation < 50m)","-1000 to -586 BCE","2.9.23","162","The site contains numerous water cisterns, distinguished from granaries by their waterproof plaster, indicating their function for water storage during Iron Age II."
"Tel Gerisa (תל גריסה)",32.09327,34.80648,"09. Iron Age II (-1000 to -586 BCE)","Plastered Cistern","תל גריסה","Coastal Plain","Tier 1: High Precision (Pinpoint Well/Installation < 50m)","-1000 to -586 BCE","","191","Cisterns or pools were found at Tel Gerisa, dated to the Iron Age II period."
"Tel Gezer (תל גזר)",31.85882,34.91857,"09. Iron Age II (-1000 to -586 BCE)","Water Reservoir","תל גזר","Shephelah","Tier 1: High Precision (Pinpoint Well/Installation < 50m)","-1000 to -586 BCE","2.9.8, Summary (186)","143, 186, 191","A large, double rock-cut reservoir, approximately 18m deep with plastered walls, was likely filled by runoff water. The excavator dates this installation to the Iron Age. Listed as one of 17 sites in Iron Age II Israel with a monumental water system, likely involving a tunnel or shaft to access groundwater within the fortified city. A reservoir or pool was found at Tel Gezer, dated to the Iron Age II period. Cisterns or pools were found at Tel Gezer, dated to the Iron Age II period."
"Tel Halif (תל חליף)",31.38272,34.86535,"09. Iron Age II (-1000 to -586 BCE)","Plastered Cistern","תל חליף","Shephelah","Tier 1: High Precision (Pinpoint Well/Installation < 50m)","-1000 to -586 BCE","2.9.32","168, 191","A rectangular, well-plastered cistern, measuring 9x4x3.5m, was uncovered in Area IV. It is dated to the Iron Age II period. Cisterns or pools were found at Tel Halif, dated to the Iron Age II period."
"Tel Hazor (תל חצור)",33.01843,35.56828,"09. Iron Age II (-1000 to -586 BCE)","Water Tunnel Shaft","תל חצור","Upper Galilee","Tier 1: High Precision (Pinpoint Well/Installation < 50m)","-1000 to -586 BCE","2.9.1, 2.9.51","119, 120, 121, 185, 187, 191","A large, complex water system was constructed in the 10th-9th century BCE (Iron Age IIA) in the southwestern corner of the tel. It consists of an entrance, a deep shaft (approx. 30m), and a 25m long tunnel leading to the underground water table, designed to secure water supply during sieges. Mentioned as a site with an underground water system where a pulley could have been used, similar to the one depicted in an Assyrian relief, suggesting a sophisticated water supply during sieges. A well was found at Tel Hazor, dated to the Iron Age II period. Cisterns or pools were possibly identified at Tel Hazor during the Iron Age II, though their identification is noted with some uncertainty. A major water system, cut to a spring or groundwater within the fortified city, was found at Tel Hazor, dating to the Iron Age II."
"Tel Ira (תל עירא)",31.23213,34.98567,"09. Iron Age II (-1000 to -586 BCE)","Plastered Cistern","תל עירא","Negev","Tier 1: High Precision (Pinpoint Well/Installation < 50m)","-1000 to -586 BCE","2.9.33","168","Six cisterns were found within the city, dating to the 8th-7th century BCE. They feature rock-cut necks and rims protected by four large stone slabs. These cisterns were the sole local water supply for the city."
"Tel Jezreel (תל יזרעאל)",32.55765,35.32664,"09. Iron Age II (-1000 to -586 BCE)","Plastered Cistern","תל יזרעאל","Jezreel Valley","Tier 1: High Precision (Pinpoint Well/Installation < 50m)","-1000 to -586 BCE","2.9.20","160, 161, 162, 191","The site utilized numerous rock-cut, plastered cisterns (dozens to hundreds, with two dated to Iron Age II having capacities of 36 and 56 cubic meters) for rainwater collection, supplemented by the Ein Jezreel spring (Ein el-Meiyiteh) which was also used during droughts. Cisterns or pools were found at Tel Jezreel, dated to the Iron Age II period."
"Tel Lachish (תל לכיש)",31.56667,34.8478,"09. Iron Age II (-1000 to -586 BCE)","Deep Well","תל לכיש","Shephelah","Tier 1: High Precision (Pinpoint Well/Installation < 50m)","-1000 to -586 BCE","2.9.10, Summary (186)","146, 186, 191","The deep well (44m deep) originally constructed in the Middle Bronze Age continued to serve as a primary water source for the city during Iron II. It is proposed that a runoff water reservoir, similar to those at Beit Shemesh or Beersheba, existed in the northern part of the tel to provide an additional water source for the city during Iron II, though its exact location and completion are debated. Listed as one of 17 sites in Iron Age II Israel with a monumental water system, likely involving a tunnel or shaft to access groundwater within the fortified city. A well was found at Tel Lachish, dated to the Iron Age II period. A reservoir or pool, possibly for water storage, was identified at Tel Lachish during the Iron Age II, though its identification is noted with some uncertainty."
"Tel Megiddo (תל מגידו)",32.5847,35.18275,"09. Iron Age II (-1000 to -586 BCE)","Water Tunnel Shaft","תל מגידו","Jezreel Valley","Tier 1: High Precision (Pinpoint Well/Installation < 50m)","-1000 to -586 BCE","2.9.3, 2.9.7, 2.9.51, Summary (186)","121, 122, 123, 124, 125, 126, 127, 143, 185, 186, 187, 191","Megiddo features a complex water system with two main phases. The 'gallery' (secret passage) providing access to a natural cave and well is dated by Yadin to the 10th century BCE (Iron Age IIA). A later, monumental system, also from Iron Age II, includes a large shaft (36m deep) and a 50m long tunnel, constructed to access the same water source from within the city walls. Megiddo's impressive water system, consisting of a pit and a tunnel, is attributed by the author and most scholars to Iron Age II. A plastered reservoir with a monumental staircase, located outside the outer gate (Locus 2153), was supplied by the nearby Ein Kubi spring or collected runoff. It is dated to the time of Ahab (Iron II). Mentioned as a site with an underground water system where a pulley could have been used, similar to the one depicted in an Assyrian relief, suggesting a sophisticated water supply during sieges. Listed as one of 17 sites in Iron Age II Israel with three monumental water systems, likely involving tunnels or shafts to access groundwater within the fortified city. A major water system, cut to a spring or groundwater within the fortified city, was found at Tel Megiddo, dating to the Iron Age II. A reservoir with an external feeding system was identified at Tel Megiddo during the Iron Age II."
"Tel Shiloh (תל שילה)",32.0554,35.29103,"09. Iron Age II (-1000 to -586 BCE)","Plastered Cistern","תל שילה","Samaria","Tier 1: High Precision (Pinpoint Well/Installation < 50m)","-1000 to -586 BCE","","191","Cisterns or pools were found at Shiloh, dated to the Iron Age II period."
"Tel Taanach (תל תענך)",32.52158,35.22005,"09. Iron Age II (-1000 to -586 BCE)","Water Tunnel Shaft","תל תענך","Jezreel Valley","Tier 1: High Precision (Pinpoint Well/Installation < 50m)","-1000 to -586 BCE","2.9.51","185, 191","Mentioned as having an underground water system (from the Late Bronze Age) that provides a comparison for the type of system depicted in the Assyrian relief, implying its continued relevance or similar design in Iron Age II. Cisterns or pools were found at Tel Taanach, dated to the Iron Age II period."
"Tel Yokneam (תל יקנעם)",32.66135,35.10696,"09. Iron Age II (-1000 to -586 BCE)","Water Tunnel Shaft","תל יקנעם","Jezreel Valley","Tier 1: High Precision (Pinpoint Well/Installation < 50m)","-1000 to -586 BCE","2.9.2, Summary (186)","121, 186, 191","A proposed water system, similar to Hazor's, is indicated by an oval-shaped pit carved into the rock in the lowest part of the city, near external springs. The city's casemate wall, built in the 10th century BCE (Iron Age IIA), incorporates this feature, suggesting a shaft leading to groundwater. Listed as one of 17 sites in Iron Age II Israel with a monumental water system, likely involving a tunnel or shaft to access groundwater within the fortified city. A water system, cut to a spring or groundwater within the fortified city, was found at Tel Yokneam, dating to the Iron Age II."
"Tiryns (טירינס (יוון))",37.6056,22.7997,"09. Iron Age II (-1000 to -586 BCE)","Water Tunnel Shaft","טירינס (יוון)","Greece","Tier 4: International Comparative Site (< 100m - 1km)","-1000 to -586 BCE","","191","A water system, cut to a spring or groundwater within the fortified city, was found at Tiryns, dating to the Iron Age II."
"Toprakkale (Rusahinili) (טופראק קלה (רוסהינילי))",38.525,43.416,"09. Iron Age II (-1000 to -586 BCE)","Aqueduct Channel","טופראק קלה (רוסהינילי)","Urartu","Tier 4: International Comparative Site (< 100m - 1km)","-1000 to -586 BCE","2.9.42","176, 177, 191","An aqueduct bringing water from a distance outside the city was found at Toprakkale, dating to the Iron Age II. Around 700 BCE, King Rusa I or II created artificial Lake Rusa by building dams at Kesis Goli and diverting water from the Aliyani river to supply the new capital Toprakkale (Rusahinili) and its gardens. Lake Sihke was used to regulate the water flow."
"Tushpa / Menua Canal (Van) (תושפה / אמת מנואה (אוררטו))",38.4819,43.3858,"09. Iron Age II (-1000 to -586 BCE)","Aqueduct Channel","תושפה / אמת מנואה (אוררטו)","Urartu","Tier 4: International Comparative Site (< 100m - 1km)","-1000 to -586 BCE","2.9.40","175, 176","The 'Mena's Canal' (Manua's Canal), a 56 km long aqueduct built by King Manua (805-785 BCE), supplied water from the Engil river spring to Tushpa, overcoming the non-potable Lake Van water. It included stone dams, channels, and support walls up to 20m high, operating for 2500 years."
"Ulhu (אולחו)",37.6667,45.0667,"09. Iron Age II (-1000 to -586 BCE)","Aqueduct Channel","אולחו","Urartu","Tier 4: International Comparative Site (< 100m - 1km)","-1000 to -586 BCE","2.9.41","176","An irrigation system around Ulhu, including a main aqueduct and numerous qanats (underground channels) dug from the mountain, was destroyed by King Sargon II of Assyria (722-705 BCE). This is the earliest textual evidence of qanats in Urartu."
"Umm el-Biyara (אום אל-ביארה)",30.327,35.445,"09. Iron Age II (-1000 to -586 BCE)","Plastered Cistern","אום אל-ביארה","Jordan","Tier 4: International Comparative Site (< 100m - 1km)","-1000 to -586 BCE","2.9.37","172, 173, 191","Eight bell-shaped, rock-cut cisterns, located at the lowest point of the plateau to collect runoff. They have round openings (~90cm), are ~4m deep, and are plastered with strong light gray-white plaster. One cistern has an inlet channel, and each has a volume of ~33 cubic meters. Cisterns or pools were found at Umm el-Biyara, dated to the Iron Age II period."
"Acre (עכו)",32.9244,35.0756,"10. Classical & Later Periods (-586 to +638 CE)","Aqueduct Channel","עכו","Coastal Plain","Tier 1: High Precision (Pinpoint Well/Installation < 50m)","-586 to 638 CE","3.7","212","A Hellenistic aqueduct consisting of tunnels and shafts, approximately 13 km long, built in the 3rd century BCE."
"Athens (Acropolis) (אתונה (יוון))",37.9715,23.7257,"10. Classical & Later Periods (-586 to +638 CE)","Aqueduct Channel","אתונה (יוון)","Greece","Tier 4: International Comparative Site (< 100m - 1km)","-586 to 638 CE","3.7","212","A clay pipe and tunnel system, 17 km long, built in the 6th century BCE."
"Olynthus (אולינתוס)",40.2925,23.2681,"10. Classical & Later Periods (-586 to +638 CE)","Aqueduct Channel","אולינתוס","Greece","Tier 4: International Comparative Site (< 100m - 1km)","-586 to 638 CE","3.7","212","An underground aqueduct, 13 km long, built in the 5th century BCE."
"Rome (Anio Vetus) (רומא (אניו וטוס))",41.9028,12.4964,"10. Classical & Later Periods (-586 to +638 CE)","Aqueduct Channel","רומא (אניו וטוס)","Italy","Tier 4: International Comparative Site (< 100m - 1km)","-586 to 638 CE","3.7","212","The Anio Vetus, an underground aqueduct, 64 km long, built in 272 BCE."
"Rome (Aqua Appia) (רומא (אקווה אפיה))",41.9028,12.4964,"10. Classical & Later Periods (-586 to +638 CE)","Aqueduct Channel","רומא (אקווה אפיה)","Italy","Tier 4: International Comparative Site (< 100m - 1km)","-586 to 638 CE","3.7","212","The Aqua Appia, an underground aqueduct, 17.6 km long, built in 312 BCE."
"Rome (Aqua Marcia) (רומא (אקווה מרקיה))",41.9028,12.4964,"10. Classical & Later Periods (-586 to +638 CE)","Aqueduct Channel","רומא (אקווה מרקיה)","Italy","Tier 4: International Comparative Site (< 100m - 1km)","-586 to 638 CE","3.7","211","The Aqua Marcia, an aqueduct 91 km long (10 km on arches), built between 144-140 BCE, supplying water to Rome."
"Samos (Eupalinos Tunnel) (מנהרת אופלינוס (סמוס))",37.69,26.93,"10. Classical & Later Periods (-586 to +638 CE)","Water Tunnel Shaft","מנהרת אופלינוס (סמוס)","Greece","Tier 4: International Comparative Site (< 100m - 1km)","-586 to 638 CE","3.7","212","The Eupalinos Tunnel, a 2 km long tunnel with 60 shafts, built in 524 BCE."
"Sidon (צידון)",33.5608,35.3719,"10. Classical & Later Periods (-586 to +638 CE)","Aqueduct Channel","צידון","Lebanon","Tier 1: High Precision (Pinpoint Well/Installation < 50m)","-586 to 638 CE","3.7","212","An underground aqueduct and tunnel with shafts, 24 km long, dating to the 6th century BCE."